beneficiary_id,claim_count,inpatient_claims,outpatient_claims,total_payment,payment_per_claim
5FA0857576075DD2,5,3.0,2.0,136480.0,27296.0
A09A706AF34D7BE2,5,4.0,1.0,122000.0,24400.0
851DCC18E6E5A344,5,4.0,1.0,117040.0,23408.0
94218B2DE0A4B9F3,5,4.0,1.0,114090.0,22818.0
A2439711FC1AEA1D,5,5.0,0.0,113000.0,22600.0
A749E556441565B6,5,4.0,1.0,112100.0,22420.0
C092BE06E3B0CE59,7,7.0,0.0,148000.0,21142.86
EA2E48302CA2A0F5,5,4.0,1.0,104040.0,20808.0
D66CC4F9349632C4,6,5.0,1.0,118200.0,19700.0
14BB045B56502AEF,8,7.0,1.0,153200.0,19150.0
25AB3F7D2A1F572E,5,4.0,1.0,95040.0,19008.0
F52426FBF1E79A4E,5,2.0,3.0,92610.0,18522.0
3C83DDCAD0C0794C,5,3.0,2.0,88900.0,17780.0
B50804FEE57140C9,5,3.0,2.0,87140.0,17428.0
77B14A6000D1A0B5,7,5.0,2.0,120660.0,17237.14
8E3539D08F2157ED,5,2.0,3.0,85710.0,17142.0
0F4EA63F00686338,5,5.0,0.0,84000.0,16800.0
C3715685EE283BD8,5,4.0,1.0,83050.0,16610.0
AE2B8CAF61D9B40E,7,5.0,2.0,114120.0,16302.86
AD792BC1B0BD7424,6,3.0,3.0,96300.0,16050.0
AC492F96A6C234F6,5,4.0,1.0,79020.0,15804.0
9EB307D53BEBF952,7,7.0,0.0,110000.0,15714.29
301F5873F3726847,5,4.0,1.0,78060.0,15612.0
CA4261F139B89928,6,6.0,0.0,93000.0,15500.0
6CB24DAAE82BFFE4,7,6.0,1.0,107090.0,15298.57
