claim_type,payment_band,claim_count,claim_share_pct,total_payment,payment_share_pct,average_payment
Inpatient,0-100,67,0.1,5020.0,0.0,74.93
Inpatient,101-500,215,0.33,71300.0,0.01,331.63
Inpatient,"501-1,000",559,0.87,512400.0,0.08,916.64
Inpatient,"1,001-5,000",23094,35.77,88870000.0,13.9,3848.19
Inpatient,"5,001-10,000",21735,33.67,168270000.0,26.32,7741.89
Inpatient,"10,001-25,000",14768,22.88,222259000.0,34.77,15050.04
Inpatient,"25,001-50,000",3231,5.0,109393000.0,17.11,33857.32
Inpatient,"50,001+",889,1.38,49913000.0,7.81,56145.11
Outpatient,0-100,508348,67.05,27665220.0,12.32,54.42
Outpatient,101-500,151600,20.0,46351300.0,20.64,305.75
Outpatient,"501-1,000",41144,5.43,31206600.0,13.89,758.47
Outpatient,"1,001-5,000",57027,7.52,119382000.0,53.15,2093.43
