primary_diagnosis,claim_count,unique_beneficiaries,total_payment,average_payment_per_claim,median_payment_per_claim
4241,188,188,6150000.0,32712.77,34000.0
4414,170,167,3648000.0,21458.82,18000.0
41011,115,115,2186000.0,19008.7,14000.0
51881,795,777,14232900.0,17903.02,12000.0
72252,128,128,2182700.0,17052.34,17000.0
99673,116,114,1975000.0,17025.86,16000.0
44024,111,111,1882000.0,16954.95,14000.0
4260,103,103,1744000.0,16932.04,15000.0
1623,148,147,2403200.0,16237.84,13000.0
V5789,1772,1712,28421600.0,16039.28,15000.0
03849,142,142,2245000.0,15809.86,10000.0
56081,232,232,3648200.0,15725.0,12000.0
51884,329,322,5167000.0,15705.17,9000.0
40391,152,150,2359500.0,15523.03,11000.0
0389,1602,1560,24410390.0,15237.45,11000.0
41041,138,138,2073000.0,15021.74,12000.0
41401,1596,1560,23847800.0,14942.23,11000.0
42781,313,312,4484300.0,14326.84,13000.0
4271,148,148,1988200.0,13433.78,6500.0
99662,154,151,2059200.0,13371.43,11000.0
