claim_month,claim_count,total_payment,previous_month_claims,previous_month_payment,claims_mom_change_pct,payment_mom_change_pct
2007-11-01,2,65000.0,,,,
2007-12-01,534,2970120.0,2,65000.0,26600.0,4469.42
2008-01-01,11791,17318630.0,534,2970120.0,2108.05,483.1
2008-02-01,17187,20382330.0,11791,17318630.0,45.76,17.69
2008-03-01,23352,26172380.0,17187,20382330.0,35.87,28.41
2008-04-01,25479,27633010.0,23352,26172380.0,9.11,5.58
2008-05-01,27505,30676160.0,25479,27633010.0,7.95,11.01
2008-06-01,27516,29475680.0,27505,30676160.0,0.04,-3.91
2008-07-01,28884,29649550.0,27516,29475680.0,4.97,0.59
2008-08-01,29789,30816580.0,28884,29649550.0,3.13,3.94
2008-09-01,28873,29107010.0,29789,30816580.0,-3.07,-5.55
2008-10-01,29987,30742150.0,28873,29107010.0,3.86,5.62
2008-11-01,29443,28949920.0,29987,30742150.0,-1.81,-5.83
2008-12-01,30768,29950670.0,29443,28949920.0,4.5,3.46
2009-01-01,30963,29603290.0,30768,29950670.0,0.63,-1.16
2009-02-01,27985,26944290.0,30963,29603290.0,-9.62,-8.98
2009-03-01,30725,29725010.0,27985,26944290.0,9.79,10.32
2009-04-01,29998,28972100.0,30725,29725010.0,-2.37,-2.53
2009-05-01,30623,29148940.0,29998,28972100.0,2.08,0.61
2009-06-01,29508,27881740.0,30623,29148940.0,-3.64,-4.35
2009-07-01,29800,27841580.0,29508,27881740.0,0.99,-0.14
2009-08-01,29783,28503330.0,29800,27841580.0,-0.06,2.38
2009-09-01,28175,27363600.0,29783,28503330.0,-5.4,-4.0
2009-10-01,28021,26781690.0,28175,27363600.0,-0.55,-2.13
2009-11-01,26225,24896890.0,28021,26781690.0,-6.41,-7.04
2009-12-01,25783,25120140.0,26225,24896890.0,-1.69,0.9
2010-01-01,24379,24032830.0,25783,25120140.0,-5.45,-4.33
2010-02-01,20799,19823560.0,24379,24032830.0,-14.68,-17.51
2010-03-01,21712,21509610.0,20799,19823560.0,4.39,8.51
2010-04-01,19497,20002280.0,21712,21509610.0,-10.2,-7.01
2010-05-01,18637,18928030.0,19497,20002280.0,-4.41,-5.37
2010-06-01,16410,16619800.0,18637,18928030.0,-11.95,-12.19
2010-07-01,15393,15159300.0,16410,16619800.0,-6.2,-8.79
2010-08-01,13511,13950080.0,15393,15159300.0,-12.23,-7.98
2010-09-01,11644,11659790.0,13511,13950080.0,-13.82,-16.42
2010-10-01,10087,8458450.0,11644,11659790.0,-13.37,-27.46
2010-11-01,8405,6394700.0,10087,8458450.0,-16.67,-24.4
2010-12-01,7069,4044610.0,8405,6394700.0,-15.9,-36.75
