claim_month,claim_type,claim_count,unique_beneficiaries,unique_providers,total_payment,average_payment_per_claim,median_payment_per_claim
2007-11-01,Inpatient,2,2,2,65000.0,32500.0,32500.0
2007-12-01,Inpatient,222,212,187,2705000.0,12184.68,8000.0
2007-12-01,Outpatient,312,292,263,265120.0,849.74,250.0
2008-01-01,Inpatient,1535,1373,788,14510480.0,9453.08,7000.0
2008-01-01,Outpatient,10256,8181,2778,2808150.0,273.81,70.0
2008-02-01,Inpatient,1804,1593,865,16260110.0,9013.36,6000.0
2008-02-01,Outpatient,15383,11941,3306,4122220.0,267.97,70.0
2008-03-01,Inpatient,2301,2077,1031,20918530.0,9091.06,7000.0
2008-03-01,Outpatient,21051,16046,3649,5253850.0,249.58,70.0
2008-04-01,Inpatient,2315,2078,1025,21652870.0,9353.29,7000.0
2008-04-01,Outpatient,23164,17534,3884,5980140.0,258.17,70.0
2008-05-01,Inpatient,2587,2268,1096,24263340.0,9378.95,7000.0
2008-05-01,Outpatient,24918,18786,3980,6412820.0,257.36,70.0
2008-06-01,Inpatient,2453,2193,1041,23039910.0,9392.54,7000.0
2008-06-01,Outpatient,25063,19105,3982,6435770.0,256.78,70.0
2008-07-01,Inpatient,2470,2235,1067,22948390.0,9290.85,6000.0
2008-07-01,Outpatient,26414,19968,4032,6701160.0,253.7,70.0
2008-08-01,Inpatient,2586,2330,1060,23900310.0,9242.19,7000.0
2008-08-01,Outpatient,27203,20675,4088,6916270.0,254.25,70.0
2008-09-01,Inpatient,2455,2258,1047,22285100.0,9077.43,6000.0
2008-09-01,Outpatient,26418,20264,4019,6821910.0,258.23,70.0
2008-10-01,Inpatient,2505,2290,1023,23508580.0,9384.66,6000.0
2008-10-01,Outpatient,27482,20935,4072,7233570.0,263.21,70.0
2008-11-01,Inpatient,2339,2158,982,21898930.0,9362.52,7000.0
2008-11-01,Outpatient,27104,20973,4055,7050990.0,260.15,70.0
2008-12-01,Inpatient,2328,2166,1002,22546330.0,9684.85,7000.0
2008-12-01,Outpatient,28440,21752,4158,7404340.0,260.35,70.0
2009-01-01,Inpatient,2330,2187,1000,21931740.0,9412.76,7000.0
2009-01-01,Outpatient,28633,21895,4126,7671550.0,267.93,70.0
2009-02-01,Inpatient,2015,1912,919,19972990.0,9912.15,7000.0
2009-02-01,Outpatient,25970,20417,4052,6971300.0,268.44,75.0
2009-03-01,Inpatient,2216,2121,951,22105130.0,9975.24,7000.0
2009-03-01,Outpatient,28509,22038,4149,7619880.0,267.28,70.0
2009-04-01,Inpatient,2185,2087,981,21429840.0,9807.71,7000.0
2009-04-01,Outpatient,27813,21541,4128,7542260.0,271.18,80.0
2009-05-01,Inpatient,2218,2123,985,21445800.0,9668.98,7000.0
2009-05-01,Outpatient,28405,22063,4113,7703140.0,271.19,80.0
2009-06-01,Inpatient,2116,2029,958,20307180.0,9596.97,7000.0
2009-06-01,Outpatient,27392,21435,4061,7574560.0,276.52,80.0
2009-07-01,Inpatient,2083,2007,948,20376330.0,9782.2,7000.0
2009-07-01,Outpatient,27717,21515,4123,7465250.0,269.34,80.0
2009-08-01,Inpatient,2142,2050,977,20973690.0,9791.64,7000.0
2009-08-01,Outpatient,27641,21434,4125,7529640.0,272.41,80.0
2009-09-01,Inpatient,2125,2022,938,20255070.0,9531.8,7000.0
2009-09-01,Outpatient,26050,20497,4038,7108530.0,272.88,80.0
2009-10-01,Inpatient,2005,1936,926,19438860.0,9695.19,7000.0
2009-10-01,Outpatient,26016,20352,4023,7342830.0,282.24,80.0
2009-11-01,Inpatient,1903,1838,904,18055180.0,9487.75,7000.0
2009-11-01,Outpatient,24322,19196,3943,6841710.0,281.3,80.0
2009-12-01,Inpatient,1893,1831,917,18518460.0,9782.6,7000.0
2009-12-01,Outpatient,23890,18910,3871,6601680.0,276.34,80.0
2010-01-01,Inpatient,1785,1720,880,17762730.0,9951.11,7000.0
2010-01-01,Outpatient,22594,17890,3852,6270100.0,277.51,80.0
2010-02-01,Inpatient,1535,1496,807,14572900.0,9493.75,7000.0
2010-02-01,Outpatient,19264,15625,3656,5250660.0,272.56,80.0
2010-03-01,Inpatient,1555,1511,799,15910780.0,10232.01,7000.0
2010-03-01,Outpatient,20157,16106,3717,5598830.0,277.76,80.0
2010-04-01,Inpatient,1480,1429,804,15004890.0,10138.44,7000.0
2010-04-01,Outpatient,18017,14553,3554,4997390.0,277.37,80.0
2010-05-01,Inpatient,1444,1400,779,14046480.0,9727.48,7000.0
2010-05-01,Outpatient,17193,13839,3456,4881550.0,283.93,80.0
2010-06-01,Inpatient,1313,1277,704,12561090.0,9566.71,7000.0
2010-06-01,Outpatient,15097,12356,3300,4058710.0,268.84,80.0
2010-07-01,Inpatient,1200,1170,691,11299460.0,9416.22,7000.0
2010-07-01,Outpatient,14193,11504,3232,3859840.0,271.95,80.0
2010-08-01,Inpatient,1068,1051,654,10469400.0,9802.81,7000.0
2010-08-01,Outpatient,12443,10159,3081,3480680.0,279.73,80.0
2010-09-01,Inpatient,911,900,570,8716400.0,9567.95,6000.0
2010-09-01,Outpatient,10733,8916,2872,2943390.0,274.24,80.0
2010-10-01,Inpatient,626,618,442,5848000.0,9341.85,7000.0
2010-10-01,Outpatient,9461,7850,2777,2610450.0,275.92,80.0
2010-11-01,Inpatient,398,387,308,4147500.0,10420.85,8000.0
2010-11-01,Outpatient,8007,6678,2527,2247200.0,280.65,80.0
2010-12-01,Inpatient,257,257,216,2329700.0,9064.98,6000.0
2010-12-01,Outpatient,6812,5763,2373,1714910.0,251.75,80.0
