claim_month,claim_count,unique_beneficiaries,unique_providers,total_payment,average_payment_per_claim,inpatient_claims,outpatient_claims,inpatient_payment,outpatient_payment
2007-11-01,2,2,2,65000.0,32500.0,2.0,0.0,65000.0,0.0
2007-12-01,534,502,435,2970120.0,5562.02,222.0,312.0,2705000.0,265120.0
2008-01-01,11791,9197,3141,17318630.0,1468.8,1535.0,10256.0,14510480.0,2808150.0
2008-02-01,17187,13008,3622,20382330.0,1185.92,1804.0,15383.0,16260110.0,4122220.0
2008-03-01,23352,17361,4011,26172380.0,1120.78,2301.0,21051.0,20918530.0,5253850.0
2008-04-01,25479,18863,4203,27633010.0,1084.54,2315.0,23164.0,21652870.0,5980140.0
2008-05-01,27505,20213,4309,30676160.0,1115.29,2587.0,24918.0,24263340.0,6412820.0
2008-06-01,27516,20475,4298,29475680.0,1071.22,2453.0,25063.0,23039910.0,6435770.0
2008-07-01,28884,21364,4358,29649550.0,1026.5,2470.0,26414.0,22948390.0,6701160.0
2008-08-01,29789,22103,4400,30816580.0,1034.5,2586.0,27203.0,23900310.0,6916270.0
2008-09-01,28873,21733,4330,29107010.0,1008.1,2455.0,26418.0,22285100.0,6821910.0
2008-10-01,29987,22354,4378,30742150.0,1025.18,2505.0,27482.0,23508580.0,7233570.0
2008-11-01,29443,22321,4348,28949920.0,983.25,2339.0,27104.0,21898930.0,7050990.0
2008-12-01,30768,23104,4416,29950670.0,973.44,2328.0,28440.0,22546330.0,7404340.0
2009-01-01,30963,23242,4420,29603290.0,956.09,2330.0,28633.0,21931740.0,7671550.0
2009-02-01,27985,21693,4323,26944290.0,962.81,2015.0,25970.0,19972990.0,6971300.0
2009-03-01,30725,23400,4417,29725010.0,967.45,2216.0,28509.0,22105130.0,7619880.0
2009-04-01,29998,22906,4428,28972100.0,965.8,2185.0,27813.0,21429840.0,7542260.0
2009-05-01,30623,23443,4398,29148940.0,951.86,2218.0,28405.0,21445800.0,7703140.0
2009-06-01,29508,22819,4361,27881740.0,944.89,2116.0,27392.0,20307180.0,7574560.0
2009-07-01,29800,22834,4410,27841580.0,934.28,2083.0,27717.0,20376330.0,7465250.0
2009-08-01,29783,22795,4410,28503330.0,957.03,2142.0,27641.0,20973690.0,7529640.0
2009-09-01,28175,21875,4312,27363600.0,971.2,2125.0,26050.0,20255070.0,7108530.0
2009-10-01,28021,21697,4271,26781690.0,955.77,2005.0,26016.0,19438860.0,7342830.0
2009-11-01,26225,20527,4212,24896890.0,949.36,1903.0,24322.0,18055180.0,6841710.0
2009-12-01,25783,20223,4139,25120140.0,974.29,1893.0,23890.0,18518460.0,6601680.0
2010-01-01,24379,19159,4123,24032830.0,985.8,1785.0,22594.0,17762730.0,6270100.0
2010-02-01,20799,16777,3907,19823560.0,953.1,1535.0,19264.0,14572900.0,5250660.0
2010-03-01,21712,17262,3962,21509610.0,990.68,1555.0,20157.0,15910780.0,5598830.0
2010-04-01,19497,15724,3835,20002280.0,1025.92,1480.0,18017.0,15004890.0,4997390.0
2010-05-01,18637,14977,3749,18928030.0,1015.62,1444.0,17193.0,14046480.0,4881550.0
2010-06-01,16410,13385,3547,16619800.0,1012.78,1313.0,15097.0,12561090.0,4058710.0
2010-07-01,15393,12494,3488,15159300.0,984.82,1200.0,14193.0,11299460.0,3859840.0
2010-08-01,13511,11063,3338,13950080.0,1032.5,1068.0,12443.0,10469400.0,3480680.0
2010-09-01,11644,9701,3099,11659790.0,1001.36,911.0,10733.0,8716400.0,2943390.0
2010-10-01,10087,8406,2955,8458450.0,838.55,626.0,9461.0,5848000.0,2610450.0
2010-11-01,8405,7018,2656,6394700.0,760.82,398.0,8007.0,4147500.0,2247200.0
2010-12-01,7069,5984,2472,4044610.0,572.16,257.0,6812.0,2329700.0,1714910.0
