claim_type,provider_id,claim_count,negative_payment_claims,negative_payment_rate_pct,total_negative_payment,average_negative_payment,total_provider_payment,negative_payment_rate_band,negative_payment_exposure_pct
Outpatient,4001BR,12,2.0,16.67,-50.0,-25.0,770.0,High Rate,6.49
Outpatient,1426ZB,11,1.0,9.09,-80.0,-80.0,2230.0,Moderate Rate,3.59
Outpatient,2413VQ,17,1.0,5.88,-60.0,-60.0,2000.0,Moderate Rate,3.0
Outpatient,5525HJ,22,2.0,9.09,-60.0,-30.0,2070.0,Moderate Rate,2.9
Outpatient,0925BC,21,1.0,4.76,-60.0,-60.0,2100.0,Low Rate,2.86
Inpatient,0502XT,14,1.0,7.14,-2000.0,-2000.0,77000.0,Moderate Rate,2.6
Outpatient,3625MP,21,1.0,4.76,-50.0,-50.0,2090.0,Low Rate,2.39
Outpatient,4000JP,19,2.0,10.53,-140.0,-70.0,6340.0,High Rate,2.21
Outpatient,3901RH,17,1.0,5.88,-50.0,-50.0,2430.0,Moderate Rate,2.06
Outpatient,18256V,11,1.0,9.09,-10.0,-10.0,490.0,Moderate Rate,2.04
Outpatient,3325ZM,30,1.0,3.33,-100.0,-100.0,5370.0,Low Rate,1.86
Outpatient,1900PQ,21,1.0,4.76,-20.0,-20.0,1130.0,Low Rate,1.77
Outpatient,4025UP,12,1.0,8.33,-20.0,-20.0,1160.0,Moderate Rate,1.72
Outpatient,3901HN,42,2.0,4.76,-130.0,-65.0,7590.0,Low Rate,1.71
Outpatient,1000XR,16,1.0,6.25,-40.0,-40.0,2540.0,Moderate Rate,1.57
Outpatient,2300JR,11,1.0,9.09,-40.0,-40.0,2830.0,Moderate Rate,1.41
Outpatient,2613TB,15,1.0,6.67,-40.0,-40.0,2830.0,Moderate Rate,1.41
Outpatient,3601WR,17,1.0,5.88,-20.0,-20.0,1470.0,Moderate Rate,1.36
Outpatient,4226YK,16,1.0,6.25,-30.0,-30.0,2280.0,Moderate Rate,1.32
Outpatient,5213TG,29,1.0,3.45,-50.0,-50.0,3920.0,Low Rate,1.28
Outpatient,2302ZH,35,2.0,5.71,-110.0,-55.0,8990.0,Moderate Rate,1.22
Outpatient,2400SU,13,1.0,7.69,-60.0,-60.0,4930.0,Moderate Rate,1.22
Outpatient,1410DP,12,1.0,8.33,-50.0,-50.0,4340.0,Moderate Rate,1.15
Outpatient,2689YV,52,1.0,1.92,-50.0,-50.0,4540.0,Low Rate,1.1
Outpatient,4025BR,11,1.0,9.09,-10.0,-10.0,910.0,Moderate Rate,1.1
Outpatient,0520XQ,19,1.0,5.26,-40.0,-40.0,3750.0,Moderate Rate,1.07
Outpatient,5118MV,23,1.0,4.35,-60.0,-60.0,5650.0,Low Rate,1.06
Outpatient,0600XD,15,1.0,6.67,-30.0,-30.0,2870.0,Moderate Rate,1.05
Outpatient,4526RH,27,1.0,3.7,-60.0,-60.0,5840.0,Low Rate,1.03
Outpatient,11008V,39,2.0,5.13,-90.0,-45.0,8920.0,Moderate Rate,1.01
Outpatient,1825MC,32,1.0,3.13,-40.0,-40.0,3980.0,Low Rate,1.01
Outpatient,46138Q,13,1.0,7.69,-20.0,-20.0,1980.0,Moderate Rate,1.01
Outpatient,3426UG,14,1.0,7.14,-40.0,-40.0,4060.0,Moderate Rate,0.99
Outpatient,4926SC,13,1.0,7.69,-10.0,-10.0,1010.0,Moderate Rate,0.99
Inpatient,1001HB,19,1.0,5.26,-2000.0,-2000.0,206000.0,Moderate Rate,0.97
Outpatient,2500CJ,42,1.0,2.38,-50.0,-50.0,5180.0,Low Rate,0.97
Outpatient,2500HU,51,2.0,3.92,-110.0,-55.0,11570.0,Low Rate,0.95
Outpatient,5213VJ,51,2.0,3.92,-110.0,-55.0,11720.0,Low Rate,0.94
Outpatient,2413QQ,23,1.0,4.35,-60.0,-60.0,6390.0,Low Rate,0.94
Outpatient,2325BH,20,1.0,5.0,-20.0,-20.0,2200.0,Moderate Rate,0.91
Outpatient,4527WJ,22,1.0,4.55,-20.0,-20.0,2220.0,Low Rate,0.9
Outpatient,5313AM,22,1.0,4.55,-20.0,-20.0,2310.0,Low Rate,0.87
Outpatient,3613YB,29,1.0,3.45,-60.0,-60.0,6970.0,Low Rate,0.86
Outpatient,0600NQ,31,1.0,3.23,-70.0,-70.0,8500.0,Low Rate,0.82
Outpatient,1825YS,42,1.0,2.38,-40.0,-40.0,4980.0,Low Rate,0.8
Outpatient,2813HT,40,1.0,2.5,-60.0,-60.0,7570.0,Low Rate,0.79
Outpatient,01006H,23,1.0,4.35,-70.0,-70.0,8980.0,Low Rate,0.78
Outpatient,1413QP,33,1.0,3.03,-70.0,-70.0,9030.0,Low Rate,0.78
Outpatient,5100MC,25,1.0,4.0,-60.0,-60.0,7840.0,Low Rate,0.77
Outpatient,3901QG,59,1.0,1.69,-80.0,-80.0,10570.0,Low Rate,0.76
Outpatient,1930JA,19,1.0,5.26,-40.0,-40.0,5450.0,Moderate Rate,0.73
Outpatient,4226GM,54,1.0,1.85,-70.0,-70.0,9920.0,Low Rate,0.71
Outpatient,0601VT,15,1.0,6.67,-40.0,-40.0,5700.0,Moderate Rate,0.7
Outpatient,0527PC,16,1.0,6.25,-30.0,-30.0,4260.0,Moderate Rate,0.7
Outpatient,0504NS,42,1.0,2.38,-60.0,-60.0,8850.0,Low Rate,0.68
Outpatient,3702WS,21,1.0,4.76,-50.0,-50.0,7300.0,Low Rate,0.68
Outpatient,4225JD,28,2.0,7.14,-60.0,-30.0,8970.0,Moderate Rate,0.67
Outpatient,1840NM,18,1.0,5.56,-50.0,-50.0,7600.0,Moderate Rate,0.66
Outpatient,2200KK,42,1.0,2.38,-50.0,-50.0,7540.0,Low Rate,0.66
Outpatient,1813WU,65,1.0,1.54,-80.0,-80.0,12300.0,Low Rate,0.65
Outpatient,4513RC,31,1.0,3.23,-70.0,-70.0,10710.0,Low Rate,0.65
Outpatient,1300BM,38,1.0,2.63,-50.0,-50.0,7710.0,Low Rate,0.65
Outpatient,3303CS,39,1.0,2.56,-60.0,-60.0,9390.0,Low Rate,0.64
Outpatient,3900WP,48,1.0,2.08,-50.0,-50.0,7820.0,Low Rate,0.64
Outpatient,1613VG,47,1.0,2.13,-60.0,-60.0,9530.0,Low Rate,0.63
Outpatient,2200KS,27,1.0,3.7,-60.0,-60.0,9840.0,Low Rate,0.61
Outpatient,4505RA,39,1.0,2.56,-60.0,-60.0,9960.0,Low Rate,0.6
Outpatient,2100VB,10,1.0,10.0,-20.0,-20.0,3350.0,High Rate,0.6
Outpatient,3600HV,33,2.0,6.06,-80.0,-40.0,13590.0,Moderate Rate,0.59
Outpatient,1613RJ,46,1.0,2.17,-60.0,-60.0,10180.0,Low Rate,0.59
Outpatient,1900YD,36,1.0,2.78,-60.0,-60.0,10320.0,Low Rate,0.58
Outpatient,1413MK,36,1.0,2.78,-50.0,-50.0,8680.0,Low Rate,0.58
Outpatient,1900CM,55,3.0,5.45,-80.0,-26.67,14090.0,Moderate Rate,0.57
Outpatient,1825GD,57,2.0,3.51,-60.0,-30.0,10490.0,Low Rate,0.57
Outpatient,4503YB,19,1.0,5.26,-40.0,-40.0,7030.0,Moderate Rate,0.57
Outpatient,24136P,21,1.0,4.76,-10.0,-10.0,1760.0,Low Rate,0.57
Outpatient,0503MN,50,1.0,2.0,-80.0,-80.0,14510.0,Low Rate,0.55
Outpatient,0326DN,23,1.0,4.35,-40.0,-40.0,7270.0,Low Rate,0.55
Outpatient,4506PR,30,1.0,3.33,-30.0,-30.0,5600.0,Low Rate,0.54
Outpatient,2413WQ,62,1.0,1.61,-60.0,-60.0,11290.0,Low Rate,0.53
Outpatient,4502CQ,37,1.0,2.7,-50.0,-50.0,9460.0,Low Rate,0.53
Outpatient,5013WP,36,1.0,2.78,-40.0,-40.0,7510.0,Low Rate,0.53
Inpatient,4900XD,22,1.0,4.55,-1000.0,-1000.0,192000.0,Low Rate,0.52
Outpatient,3602TS,90,2.0,2.22,-80.0,-40.0,15330.0,Low Rate,0.52
Outpatient,1100BH,64,1.0,1.56,-70.0,-70.0,13510.0,Low Rate,0.52
Outpatient,4502TB,74,1.0,1.35,-60.0,-60.0,11600.0,Low Rate,0.52
Outpatient,2639TG,56,1.0,1.79,-50.0,-50.0,9590.0,Low Rate,0.52
Outpatient,0513DD,52,1.0,1.92,-60.0,-60.0,11750.0,Low Rate,0.51
Outpatient,3325NU,46,1.0,2.17,-60.0,-60.0,11860.0,Low Rate,0.51
Outpatient,3426NU,15,1.0,6.67,-30.0,-30.0,5870.0,Moderate Rate,0.51
Outpatient,3901KJ,20,1.0,5.0,-30.0,-30.0,5840.0,Moderate Rate,0.51
Outpatient,2739JB,14,1.0,7.14,-10.0,-10.0,1980.0,Moderate Rate,0.51
Outpatient,1813BG,103,2.0,1.94,-70.0,-35.0,14010.0,Low Rate,0.5
Outpatient,4900DG,53,1.0,1.89,-60.0,-60.0,12120.0,Low Rate,0.5
Outpatient,0501AT,25,1.0,4.0,-10.0,-10.0,2020.0,Low Rate,0.5
Inpatient,4502NS,145,1.0,0.69,-8000.0,-8000.0,1620600.0,Low Rate,0.49
Outpatient,1225MM,39,1.0,2.56,-60.0,-60.0,12240.0,Low Rate,0.49
Outpatient,1501YV,32,1.0,3.13,-40.0,-40.0,8220.0,Low Rate,0.49
Outpatient,1418HB,21,1.0,4.76,-20.0,-20.0,4050.0,Low Rate,0.49
Outpatient,1400ZA,16,1.0,6.25,-10.0,-10.0,2060.0,Moderate Rate,0.49
Outpatient,1001DH,66,1.0,1.52,-50.0,-50.0,10460.0,Low Rate,0.48
Outpatient,4520JH,80,1.0,1.25,-50.0,-50.0,10960.0,Low Rate,0.46
Outpatient,4900TV,44,2.0,4.55,-30.0,-15.0,6560.0,Low Rate,0.46
Outpatient,4588YQ,20,1.0,5.0,-20.0,-20.0,4360.0,Moderate Rate,0.46
Outpatient,0503JK,76,2.0,2.63,-60.0,-30.0,13440.0,Low Rate,0.45
Outpatient,3325BA,45,1.0,2.22,-50.0,-50.0,11130.0,Low Rate,0.45
Outpatient,2225RJ,34,1.0,2.94,-30.0,-30.0,6680.0,Low Rate,0.45
Outpatient,3613TC,24,1.0,4.17,-20.0,-20.0,4420.0,Low Rate,0.45
Outpatient,0613VR,49,2.0,4.08,-80.0,-40.0,18330.0,Low Rate,0.44
Outpatient,2300WA,92,2.0,2.17,-120.0,-60.0,28150.0,Low Rate,0.43
Outpatient,3100JU,93,1.0,1.08,-60.0,-60.0,13820.0,Low Rate,0.43
Outpatient,3800NK,52,2.0,3.85,-50.0,-25.0,11710.0,Low Rate,0.43
Outpatient,0500PS,57,1.0,1.75,-50.0,-50.0,11680.0,Low Rate,0.43
Outpatient,2800AH,40,1.0,2.5,-50.0,-50.0,11700.0,Low Rate,0.43
Outpatient,4400XR,21,1.0,4.76,-30.0,-30.0,6940.0,Low Rate,0.43
Outpatient,0601XV,25,1.0,4.0,-10.0,-10.0,2340.0,Low Rate,0.43
Outpatient,4925ZP,65,1.0,1.54,-70.0,-70.0,16830.0,Low Rate,0.42
Outpatient,1701GP,34,1.0,2.94,-40.0,-40.0,9550.0,Low Rate,0.42
Outpatient,1001NA,46,1.0,2.17,-40.0,-40.0,9620.0,Low Rate,0.42
Outpatient,3301VQ,12,1.0,8.33,-20.0,-20.0,4710.0,Moderate Rate,0.42
Outpatient,22006G,112,2.0,1.79,-90.0,-45.0,21910.0,Low Rate,0.41
Outpatient,0113XP,58,1.0,1.72,-80.0,-80.0,19290.0,Low Rate,0.41
Outpatient,1000HP,61,1.0,1.64,-60.0,-60.0,14620.0,Low Rate,0.41
Outpatient,3900NC,42,1.0,2.38,-40.0,-40.0,9790.0,Low Rate,0.41
Outpatient,0600UQ,61,1.0,1.64,-40.0,-40.0,9710.0,Low Rate,0.41
Outpatient,3335KB,56,1.0,1.79,-60.0,-60.0,15040.0,Low Rate,0.4
Outpatient,1613MS,50,1.0,2.0,-30.0,-30.0,7460.0,Low Rate,0.4
Outpatient,2501RJ,17,1.0,5.88,-20.0,-20.0,4980.0,Moderate Rate,0.4
Outpatient,0700UU,59,1.0,1.69,-70.0,-70.0,17970.0,Low Rate,0.39
Outpatient,2900HS,27,1.0,3.7,-60.0,-60.0,15440.0,Low Rate,0.39
Outpatient,3602YB,43,1.0,2.33,-50.0,-50.0,12910.0,Low Rate,0.39
Outpatient,0413ZR,48,1.0,2.08,-40.0,-40.0,10250.0,Low Rate,0.39
Outpatient,1713VB,23,1.0,4.35,-40.0,-40.0,10180.0,Low Rate,0.39
Outpatient,3900PN,41,1.0,2.44,-30.0,-30.0,7630.0,Low Rate,0.39
Outpatient,2900QT,48,1.0,2.08,-50.0,-50.0,13180.0,Low Rate,0.38
Outpatient,4401VH,65,1.0,1.54,-50.0,-50.0,13100.0,Low Rate,0.38
Outpatient,5125VD,51,1.0,1.96,-50.0,-50.0,13230.0,Low Rate,0.38
Outpatient,3600UV,46,1.0,2.17,-40.0,-40.0,10510.0,Low Rate,0.38
Outpatient,05278N,78,1.0,1.28,-40.0,-40.0,10540.0,Low Rate,0.38
Outpatient,4400WA,76,1.0,1.32,-80.0,-80.0,21420.0,Low Rate,0.37
Outpatient,0925ZV,37,1.0,2.7,-60.0,-60.0,16280.0,Low Rate,0.37
Outpatient,3900BG,85,1.0,1.18,-60.0,-60.0,16410.0,Low Rate,0.37
Outpatient,4588QN,49,1.0,2.04,-50.0,-50.0,13430.0,Low Rate,0.37
Outpatient,13856A,87,1.0,1.15,-50.0,-50.0,13420.0,Low Rate,0.37
Outpatient,1818QA,42,1.0,2.38,-30.0,-30.0,8120.0,Low Rate,0.37
Outpatient,4501ZC,82,1.0,1.22,-80.0,-80.0,22230.0,Low Rate,0.36
Outpatient,1900VJ,47,1.0,2.13,-30.0,-30.0,8450.0,Low Rate,0.36
Outpatient,4528HN,19,1.0,5.26,-20.0,-20.0,5620.0,Moderate Rate,0.36
Outpatient,1713SU,27,1.0,3.7,-10.0,-10.0,2750.0,Low Rate,0.36
Inpatient,3901CJ,14,1.0,7.14,-300.0,-300.0,85700.0,Moderate Rate,0.35
Outpatient,3900MB,61,3.0,4.92,-60.0,-20.0,17140.0,Low Rate,0.35
Outpatient,17136A,51,1.0,1.96,-30.0,-30.0,8590.0,Low Rate,0.35
Outpatient,0600KD,41,1.0,2.44,-20.0,-20.0,5660.0,Low Rate,0.35
Outpatient,3603AA,24,1.0,4.17,-10.0,-10.0,2820.0,Low Rate,0.35
Outpatient,5200QK,69,1.0,1.45,-60.0,-60.0,17440.0,Low Rate,0.34
Outpatient,1113AN,51,1.0,1.96,-50.0,-50.0,14530.0,Low Rate,0.34
Outpatient,4600QK,13,1.0,7.69,-20.0,-20.0,5850.0,Moderate Rate,0.34
Outpatient,5125BP,28,1.0,3.57,-20.0,-20.0,5880.0,Low Rate,0.34
Outpatient,0500TA,57,1.0,1.75,-50.0,-50.0,15340.0,Low Rate,0.33
Outpatient,3900WG,57,1.0,1.75,-50.0,-50.0,15170.0,Low Rate,0.33
Outpatient,1419NC,64,1.0,1.56,-50.0,-50.0,14970.0,Low Rate,0.33
Outpatient,0413RG,46,1.0,2.17,-40.0,-40.0,12260.0,Low Rate,0.33
Outpatient,4220HV,119,2.0,1.68,-100.0,-50.0,31080.0,Low Rate,0.32
Outpatient,4526NC,114,1.0,0.88,-100.0,-100.0,30900.0,Low Rate,0.32
Outpatient,2300GU,140,2.0,1.43,-90.0,-45.0,28390.0,Low Rate,0.32
Outpatient,2801MM,49,1.0,2.04,-40.0,-40.0,12400.0,Low Rate,0.32
Outpatient,4300GQ,52,1.0,1.92,-40.0,-40.0,12690.0,Low Rate,0.32
Outpatient,3930MD,69,1.0,1.45,-40.0,-40.0,12400.0,Low Rate,0.32
Outpatient,4530JV,14,1.0,7.14,-20.0,-20.0,6190.0,Moderate Rate,0.32
Outpatient,3000MH,22,1.0,4.55,-20.0,-20.0,6230.0,Low Rate,0.32
Outpatient,15006Q,41,1.0,2.44,-60.0,-60.0,19650.0,Low Rate,0.31
Outpatient,0434XV,98,1.0,1.02,-60.0,-60.0,19540.0,Low Rate,0.31
Outpatient,3301TN,64,1.0,1.56,-50.0,-50.0,16020.0,Low Rate,0.31
Outpatient,0825AA,52,1.0,1.92,-40.0,-40.0,12870.0,Low Rate,0.31
Outpatient,2613CH,81,1.0,1.23,-40.0,-40.0,12990.0,Low Rate,0.31
Outpatient,1925GB,24,1.0,4.17,-10.0,-10.0,3270.0,Low Rate,0.31
Outpatient,2500XR,211,4.0,1.9,-130.0,-32.5,44050.0,Low Rate,0.3
Outpatient,4508HG,158,2.0,1.27,-110.0,-55.0,36230.0,Low Rate,0.3
Outpatient,0500AC,97,2.0,2.06,-80.0,-40.0,26290.0,Low Rate,0.3
Outpatient,4918HJ,92,1.0,1.09,-70.0,-70.0,23030.0,Low Rate,0.3
Outpatient,2513GS,86,1.0,1.16,-60.0,-60.0,19950.0,Low Rate,0.3
Outpatient,0326YD,43,1.0,2.33,-50.0,-50.0,16940.0,Low Rate,0.3
Outpatient,39306V,49,1.0,2.04,-50.0,-50.0,16930.0,Low Rate,0.3
Outpatient,0518NK,79,1.0,1.27,-50.0,-50.0,16470.0,Low Rate,0.3
Outpatient,1402BQ,64,1.0,1.56,-40.0,-40.0,13500.0,Low Rate,0.3
Outpatient,0600RM,78,1.0,1.28,-40.0,-40.0,13530.0,Low Rate,0.3
Outpatient,0500MH,36,1.0,2.78,-30.0,-30.0,9950.0,Low Rate,0.3
Outpatient,4501WV,28,1.0,3.57,-20.0,-20.0,6570.0,Low Rate,0.3
Outpatient,1901TA,33,1.0,3.03,-20.0,-20.0,6560.0,Low Rate,0.3
Outpatient,4513GV,13,1.0,7.69,-10.0,-10.0,3350.0,Moderate Rate,0.3
Outpatient,3100GR,185,2.0,1.08,-140.0,-70.0,48370.0,Low Rate,0.29
Outpatient,2813XQ,182,3.0,1.65,-120.0,-40.0,41950.0,Low Rate,0.29
Outpatient,2118TG,161,2.0,1.24,-120.0,-60.0,41170.0,Low Rate,0.29
Outpatient,2600PP,116,2.0,1.72,-90.0,-45.0,30900.0,Low Rate,0.29
Outpatient,4200JS,96,1.0,1.04,-70.0,-70.0,23990.0,Low Rate,0.29
Outpatient,2713SU,59,1.0,1.69,-60.0,-60.0,20730.0,Low Rate,0.29
Outpatient,2613PT,66,1.0,1.52,-50.0,-50.0,17320.0,Low Rate,0.29
Outpatient,0300UG,88,1.0,1.14,-50.0,-50.0,17190.0,Low Rate,0.29
Outpatient,1613XR,27,1.0,3.7,-20.0,-20.0,6950.0,Low Rate,0.29
Outpatient,4503JQ,30,1.0,3.33,-10.0,-10.0,3480.0,Low Rate,0.29
Outpatient,3300AU,255,3.0,1.18,-160.0,-53.33,56940.0,Low Rate,0.28
Outpatient,37026A,175,4.0,2.29,-120.0,-30.0,42240.0,Low Rate,0.28
Outpatient,15138V,214,2.0,0.93,-120.0,-60.0,42610.0,Low Rate,0.28
Outpatient,3100SV,37,1.0,2.7,-40.0,-40.0,14330.0,Low Rate,0.28
Outpatient,3400YH,54,1.0,1.85,-40.0,-40.0,14090.0,Low Rate,0.28
Outpatient,2303AA,33,1.0,3.03,-30.0,-30.0,10690.0,Low Rate,0.28
Outpatient,3713DT,41,1.0,2.44,-30.0,-30.0,10710.0,Low Rate,0.28
Outpatient,2201TD,44,1.0,2.27,-20.0,-20.0,7100.0,Low Rate,0.28
Outpatient,1027AT,33,1.0,3.03,-10.0,-10.0,3520.0,Low Rate,0.28
Outpatient,3900GK,14,1.0,7.14,-10.0,-10.0,3630.0,Moderate Rate,0.28
Outpatient,3702XT,92,1.0,1.09,-80.0,-80.0,29900.0,Low Rate,0.27
Outpatient,0400NR,127,2.0,1.57,-70.0,-35.0,25990.0,Low Rate,0.27
Outpatient,2900QD,94,1.0,1.06,-70.0,-70.0,25990.0,Low Rate,0.27
Outpatient,0600VB,67,2.0,2.99,-50.0,-25.0,18480.0,Low Rate,0.27
Outpatient,3100ZA,49,1.0,2.04,-40.0,-40.0,14880.0,Low Rate,0.27
Outpatient,5200RM,64,1.0,1.56,-40.0,-40.0,15080.0,Low Rate,0.27
Outpatient,0526ZD,83,1.0,1.2,-40.0,-40.0,15040.0,Low Rate,0.27
Outpatient,1500YD,58,1.0,1.72,-20.0,-20.0,7420.0,Low Rate,0.27
Outpatient,2801DC,18,1.0,5.56,-10.0,-10.0,3660.0,Moderate Rate,0.27
Outpatient,1813RP,36,1.0,2.78,-10.0,-10.0,3700.0,Low Rate,0.27
Outpatient,3813WU,101,1.0,0.99,-70.0,-70.0,27270.0,Low Rate,0.26
Outpatient,5113CN,83,1.0,1.2,-60.0,-60.0,23090.0,Low Rate,0.26
Outpatient,5213PA,93,1.0,1.08,-60.0,-60.0,23090.0,Low Rate,0.26
Outpatient,2413BB,50,1.0,2.0,-50.0,-50.0,18980.0,Low Rate,0.26
Outpatient,3401WB,38,1.0,2.63,-30.0,-30.0,11350.0,Low Rate,0.26
Outpatient,1313YS,57,1.0,1.75,-30.0,-30.0,11740.0,Low Rate,0.26
Outpatient,4513GQ,67,1.0,1.49,-30.0,-30.0,11410.0,Low Rate,0.26
Outpatient,15016B,72,1.0,1.39,-30.0,-30.0,11760.0,Low Rate,0.26
Outpatient,1002UD,39,1.0,2.56,-20.0,-20.0,7830.0,Low Rate,0.26
Outpatient,3413BH,22,1.0,4.55,-10.0,-10.0,3920.0,Low Rate,0.26
Outpatient,1900XC,95,2.0,2.11,-90.0,-45.0,36710.0,Low Rate,0.25
Outpatient,3413TS,170,2.0,1.18,-90.0,-45.0,35540.0,Low Rate,0.25
Outpatient,3626MJ,98,1.0,1.02,-60.0,-60.0,24360.0,Low Rate,0.25
Outpatient,3700NJ,77,1.0,1.3,-40.0,-40.0,16050.0,Low Rate,0.25
Outpatient,0639CG,58,1.0,1.72,-40.0,-40.0,16310.0,Low Rate,0.25
Outpatient,1800AN,72,1.0,1.39,-40.0,-40.0,15700.0,Low Rate,0.25
Outpatient,4525MD,26,1.0,3.85,-30.0,-30.0,12080.0,Low Rate,0.25
Outpatient,3903YB,35,1.0,2.86,-20.0,-20.0,8080.0,Low Rate,0.25
Outpatient,1002AP,23,1.0,4.35,-20.0,-20.0,8000.0,Low Rate,0.25
Inpatient,3600TD,116,2.0,1.72,-3030.0,-1515.0,1273970.0,Low Rate,0.24
Outpatient,3400CU,296,5.0,1.69,-150.0,-30.0,62750.0,Low Rate,0.24
Outpatient,1713PB,157,2.0,1.27,-100.0,-50.0,40840.0,Low Rate,0.24
Outpatient,32136D,196,1.0,0.51,-100.0,-100.0,41050.0,Low Rate,0.24
Outpatient,4508BA,161,2.0,1.24,-100.0,-50.0,42410.0,Low Rate,0.24
Outpatient,4200KD,147,2.0,1.36,-70.0,-35.0,28650.0,Low Rate,0.24
Outpatient,5000NR,77,1.0,1.3,-60.0,-60.0,24880.0,Low Rate,0.24
Outpatient,1926RB,33,1.0,3.03,-40.0,-40.0,16620.0,Low Rate,0.24
Outpatient,1000RR,86,1.0,1.16,-40.0,-40.0,16990.0,Low Rate,0.24
Outpatient,10026G,58,1.0,1.72,-30.0,-30.0,12400.0,Low Rate,0.24
Outpatient,3213ZC,57,1.0,1.75,-20.0,-20.0,8500.0,Low Rate,0.24
Outpatient,01016U,182,2.0,1.1,-110.0,-55.0,48680.0,Low Rate,0.23
Outpatient,3601YD,226,2.0,0.88,-100.0,-50.0,44150.0,Low Rate,0.23
Outpatient,4503GM,151,1.0,0.66,-80.0,-80.0,35460.0,Low Rate,0.23
Outpatient,3302TC,110,2.0,1.82,-70.0,-35.0,29880.0,Low Rate,0.23
Outpatient,4400BA,105,1.0,0.95,-60.0,-60.0,25590.0,Low Rate,0.23
Outpatient,1700CK,143,1.0,0.7,-60.0,-60.0,26530.0,Low Rate,0.23
Outpatient,0300BB,113,2.0,1.77,-60.0,-30.0,26350.0,Low Rate,0.23
Outpatient,5202NV,101,1.0,0.99,-60.0,-60.0,25650.0,Low Rate,0.23
Outpatient,1113MR,129,1.0,0.78,-50.0,-50.0,22200.0,Low Rate,0.23
Outpatient,3418AS,66,2.0,3.03,-50.0,-25.0,21390.0,Low Rate,0.23
Outpatient,46008B,48,1.0,2.08,-30.0,-30.0,13150.0,Low Rate,0.23
Outpatient,1313ZT,33,1.0,3.03,-20.0,-20.0,8530.0,Low Rate,0.23
Outpatient,3900VD,37,1.0,2.7,-20.0,-20.0,8670.0,Low Rate,0.23
Inpatient,2700KR,12,1.0,8.33,-200.0,-200.0,89800.0,Moderate Rate,0.22
Outpatient,2300MM,159,2.0,1.26,-100.0,-50.0,46340.0,Low Rate,0.22
Outpatient,1813TR,116,2.0,1.72,-100.0,-50.0,46400.0,Low Rate,0.22
Outpatient,2639PA,130,2.0,1.54,-90.0,-45.0,41270.0,Low Rate,0.22
Outpatient,10CTUQ,164,1.0,0.61,-80.0,-80.0,36300.0,Low Rate,0.22
Outpatient,4500BT,82,1.0,1.22,-60.0,-60.0,27050.0,Low Rate,0.22
Outpatient,1934ZA,92,1.0,1.09,-60.0,-60.0,26810.0,Low Rate,0.22
Outpatient,2534HH,108,1.0,0.93,-60.0,-60.0,27140.0,Low Rate,0.22
Outpatient,3901DR,88,1.0,1.14,-50.0,-50.0,22690.0,Low Rate,0.22
Outpatient,06136A,93,1.0,1.08,-40.0,-40.0,18270.0,Low Rate,0.22
Outpatient,2200GN,75,1.0,1.33,-30.0,-30.0,13950.0,Low Rate,0.22
Outpatient,4585YU,56,1.0,1.79,-30.0,-30.0,13680.0,Low Rate,0.22
Outpatient,1900NP,38,1.0,2.63,-20.0,-20.0,9070.0,Low Rate,0.22
Outpatient,50138G,47,1.0,2.13,-20.0,-20.0,9200.0,Low Rate,0.22
Outpatient,1601MB,58,1.0,1.72,-20.0,-20.0,9170.0,Low Rate,0.22
Outpatient,2500AP,26,1.0,3.85,-10.0,-10.0,4470.0,Low Rate,0.22
Outpatient,0503XM,124,3.0,2.42,-100.0,-33.33,47200.0,Low Rate,0.21
Outpatient,2301VQ,168,1.0,0.6,-100.0,-100.0,48580.0,Low Rate,0.21
Outpatient,34346G,183,3.0,1.64,-90.0,-30.0,43610.0,Low Rate,0.21
Outpatient,2500GT,219,2.0,0.91,-90.0,-45.0,43850.0,Low Rate,0.21
Outpatient,0500YH,117,2.0,1.71,-70.0,-35.0,33250.0,Low Rate,0.21
Outpatient,0700PP,83,2.0,2.41,-50.0,-25.0,23930.0,Low Rate,0.21
Outpatient,3100YV,93,1.0,1.08,-50.0,-50.0,23910.0,Low Rate,0.21
Outpatient,0507NQ,39,1.0,2.56,-30.0,-30.0,14630.0,Low Rate,0.21
Outpatient,3602UT,46,1.0,2.17,-30.0,-30.0,14250.0,Low Rate,0.21
Outpatient,1026JU,44,1.0,2.27,-20.0,-20.0,9690.0,Low Rate,0.21
Outpatient,3903ZC,52,1.0,1.92,-20.0,-20.0,9450.0,Low Rate,0.21
Outpatient,3213XA,29,1.0,3.45,-10.0,-10.0,4720.0,Low Rate,0.21
Outpatient,0502ZV,273,3.0,1.1,-120.0,-40.0,60000.0,Low Rate,0.2
Outpatient,5100KB,122,1.0,0.82,-80.0,-80.0,40180.0,Low Rate,0.2
Outpatient,2386KQ,139,3.0,2.16,-70.0,-23.33,34610.0,Low Rate,0.2
Outpatient,2500AG,147,1.0,0.68,-70.0,-70.0,35190.0,Low Rate,0.2
Outpatient,0503QR,89,2.0,2.25,-50.0,-25.0,25350.0,Low Rate,0.2
Outpatient,1002SS,79,1.0,1.27,-50.0,-50.0,24920.0,Low Rate,0.2
Outpatient,4526KA,65,1.0,1.54,-40.0,-40.0,20500.0,Low Rate,0.2
Outpatient,0600XT,69,1.0,1.45,-40.0,-40.0,20010.0,Low Rate,0.2
Outpatient,1902BN,63,1.0,1.59,-30.0,-30.0,15160.0,Low Rate,0.2
Outpatient,5100XR,67,1.0,1.49,-30.0,-30.0,14860.0,Low Rate,0.2
Outpatient,5013DB,33,1.0,3.03,-20.0,-20.0,10160.0,Low Rate,0.2
Outpatient,0501PT,44,1.0,2.27,-20.0,-20.0,9910.0,Low Rate,0.2
Outpatient,3513DC,49,1.0,2.04,-20.0,-20.0,10030.0,Low Rate,0.2
Outpatient,4400YS,78,1.0,1.28,-20.0,-20.0,10050.0,Low Rate,0.2
Outpatient,3413AG,18,1.0,5.56,-10.0,-10.0,4980.0,Moderate Rate,0.2
Outpatient,05856A,31,1.0,3.23,-10.0,-10.0,4970.0,Low Rate,0.2
Inpatient,3302WH,14,1.0,7.14,-200.0,-200.0,104800.0,Moderate Rate,0.19
Outpatient,4600YU,301,3.0,1.0,-150.0,-50.0,78300.0,Low Rate,0.19
Outpatient,4900GH,136,1.0,0.74,-90.0,-90.0,47760.0,Low Rate,0.19
Outpatient,18016Q,177,1.0,0.56,-90.0,-90.0,46750.0,Low Rate,0.19
Outpatient,3613XA,200,1.0,0.5,-80.0,-80.0,42910.0,Low Rate,0.19
Outpatient,5213WS,175,2.0,1.14,-60.0,-30.0,30950.0,Low Rate,0.19
Outpatient,4508QQ,136,1.0,0.74,-60.0,-60.0,31110.0,Low Rate,0.19
Outpatient,3500AP,98,1.0,1.02,-50.0,-50.0,26860.0,Low Rate,0.19
Outpatient,5200DG,113,1.0,0.88,-50.0,-50.0,26490.0,Low Rate,0.19
Outpatient,2413TT,154,2.0,1.3,-50.0,-25.0,25750.0,Low Rate,0.19
Outpatient,2500YK,90,1.0,1.11,-50.0,-50.0,25890.0,Low Rate,0.19
Outpatient,3300SJ,77,1.0,1.3,-40.0,-40.0,20830.0,Low Rate,0.19
Outpatient,0100AA,91,1.0,1.1,-40.0,-40.0,21130.0,Low Rate,0.19
Outpatient,1026QD,92,1.0,1.09,-30.0,-30.0,15430.0,Low Rate,0.19
Outpatient,1813JP,95,1.0,1.05,-30.0,-30.0,15600.0,Low Rate,0.19
Outpatient,3100TA,24,1.0,4.17,-20.0,-20.0,10420.0,Low Rate,0.19
Outpatient,4506DG,59,1.0,1.69,-20.0,-20.0,10580.0,Low Rate,0.19
Outpatient,2100KN,16,1.0,6.25,-10.0,-10.0,5370.0,Moderate Rate,0.19
Outpatient,6725HT,14,1.0,7.14,-10.0,-10.0,5200.0,Moderate Rate,0.19
Outpatient,4413XA,240,3.0,1.25,-140.0,-46.67,77610.0,Low Rate,0.18
Outpatient,2400PR,333,2.0,0.6,-130.0,-65.0,70860.0,Low Rate,0.18
Outpatient,05006K,143,1.0,0.7,-70.0,-70.0,38720.0,Low Rate,0.18
Outpatient,5100VG,166,2.0,1.2,-60.0,-30.0,33510.0,Low Rate,0.18
Outpatient,3600BR,54,2.0,3.7,-50.0,-25.0,28450.0,Low Rate,0.18
Outpatient,2801RR,120,2.0,1.67,-50.0,-25.0,28060.0,Low Rate,0.18
Outpatient,0504CQ,75,1.0,1.33,-40.0,-40.0,21930.0,Low Rate,0.18
Outpatient,0513GG,97,1.0,1.03,-40.0,-40.0,22120.0,Low Rate,0.18
Outpatient,2200YS,112,1.0,0.89,-40.0,-40.0,22670.0,Low Rate,0.18
Outpatient,2100XD,65,1.0,1.54,-30.0,-30.0,16750.0,Low Rate,0.18
Outpatient,3613DS,85,1.0,1.18,-30.0,-30.0,17000.0,Low Rate,0.18
Outpatient,4901ZB,25,1.0,4.0,-20.0,-20.0,10820.0,Low Rate,0.18
Outpatient,3300NT,15,1.0,6.67,-10.0,-10.0,5430.0,Moderate Rate,0.18
Outpatient,2225WH,20,1.0,5.0,-10.0,-10.0,5510.0,Moderate Rate,0.18
Outpatient,2013KN,628,5.0,0.8,-260.0,-52.0,155340.0,Low Rate,0.17
Outpatient,2100GQ,393,4.0,1.02,-180.0,-45.0,107880.0,Low Rate,0.17
Outpatient,0506TS,377,3.0,0.8,-150.0,-50.0,90210.0,Low Rate,0.17
Outpatient,4500JD,245,2.0,0.82,-110.0,-55.0,64570.0,Low Rate,0.17
Outpatient,1500NH,257,3.0,1.17,-100.0,-33.33,59570.0,Low Rate,0.17
Outpatient,2700YB,212,2.0,0.94,-100.0,-50.0,60340.0,Low Rate,0.17
Outpatient,5125WG,205,2.0,0.98,-80.0,-40.0,46400.0,Low Rate,0.17
Outpatient,2700KR,153,2.0,1.31,-80.0,-40.0,47460.0,Low Rate,0.17
Outpatient,2201KC,83,1.0,1.2,-60.0,-60.0,34900.0,Low Rate,0.17
Outpatient,2500TC,125,1.0,0.8,-60.0,-60.0,35810.0,Low Rate,0.17
Outpatient,0501SQ,124,1.0,0.81,-60.0,-60.0,35690.0,Low Rate,0.17
Outpatient,0700SS,69,1.0,1.45,-50.0,-50.0,29830.0,Low Rate,0.17
Outpatient,4508AH,94,2.0,2.13,-40.0,-20.0,23380.0,Low Rate,0.17
Outpatient,2301WR,72,1.0,1.39,-40.0,-40.0,24030.0,Low Rate,0.17
Outpatient,2100ZH,80,2.0,2.5,-30.0,-15.0,17330.0,Low Rate,0.17
Outpatient,2813ZK,39,1.0,2.56,-20.0,-20.0,11800.0,Low Rate,0.17
Outpatient,1101JU,57,1.0,1.75,-20.0,-20.0,11760.0,Low Rate,0.17
Outpatient,5000HK,357,3.0,0.84,-140.0,-46.67,86210.0,Low Rate,0.16
Outpatient,1002BA,351,4.0,1.14,-120.0,-30.0,76430.0,Low Rate,0.16
Outpatient,5100CR,339,2.0,0.59,-110.0,-55.0,70020.0,Low Rate,0.16
Outpatient,5000MA,177,2.0,1.13,-100.0,-50.0,62740.0,Low Rate,0.16
Outpatient,5100AP,257,2.0,0.78,-100.0,-50.0,63250.0,Low Rate,0.16
Outpatient,22RUVP,180,1.0,0.56,-90.0,-90.0,56450.0,Low Rate,0.16
Outpatient,33008P,207,1.0,0.48,-80.0,-80.0,50220.0,Low Rate,0.16
Outpatient,3901JV,186,2.0,1.08,-70.0,-35.0,44040.0,Low Rate,0.16
Outpatient,1902RU,177,1.0,0.56,-70.0,-70.0,43620.0,Low Rate,0.16
Outpatient,1400MA,174,1.0,0.57,-60.0,-60.0,36860.0,Low Rate,0.16
Outpatient,01008R,136,1.0,0.74,-60.0,-60.0,37380.0,Low Rate,0.16
Outpatient,4900HR,166,1.0,0.6,-60.0,-60.0,37410.0,Low Rate,0.16
Outpatient,24008S,97,1.0,1.03,-50.0,-50.0,30820.0,Low Rate,0.16
Outpatient,4900YU,103,1.0,0.97,-50.0,-50.0,30490.0,Low Rate,0.16
Outpatient,0400TQ,116,1.0,0.86,-50.0,-50.0,31120.0,Low Rate,0.16
Outpatient,4508DT,162,2.0,1.23,-50.0,-25.0,31950.0,Low Rate,0.16
Outpatient,2301ZN,101,1.0,0.99,-40.0,-40.0,25520.0,Low Rate,0.16
Outpatient,5113UA,77,1.0,1.3,-40.0,-40.0,24990.0,Low Rate,0.16
Outpatient,3200AR,91,1.0,1.1,-40.0,-40.0,25120.0,Low Rate,0.16
Outpatient,2200QH,55,1.0,1.82,-30.0,-30.0,18990.0,Low Rate,0.16
Outpatient,1813PT,85,1.0,1.18,-30.0,-30.0,18460.0,Low Rate,0.16
Outpatient,4505NT,61,1.0,1.64,-30.0,-30.0,18520.0,Low Rate,0.16
Outpatient,1600DG,60,1.0,1.67,-20.0,-20.0,12300.0,Low Rate,0.16
Outpatient,2301UG,63,1.0,1.59,-20.0,-20.0,12320.0,Low Rate,0.16
Outpatient,2713VK,19,1.0,5.26,-20.0,-20.0,12150.0,Moderate Rate,0.16
Outpatient,4507AC,631,6.0,0.95,-310.0,-51.67,200370.0,Low Rate,0.15
Inpatient,4508UU,27,1.0,3.7,-300.0,-300.0,196700.0,Low Rate,0.15
Outpatient,3800JG,532,4.0,0.75,-230.0,-57.5,152320.0,Low Rate,0.15
Inpatient,5000MQ,20,1.0,5.0,-200.0,-200.0,137800.0,Moderate Rate,0.15
Outpatient,2201YM,364,3.0,0.82,-150.0,-50.0,98910.0,Low Rate,0.15
Outpatient,0400TA,187,1.0,0.53,-80.0,-80.0,52840.0,Low Rate,0.15
Outpatient,11388R,111,1.0,0.9,-80.0,-80.0,53790.0,Low Rate,0.15
Outpatient,1902VC,83,1.0,1.2,-60.0,-60.0,38710.0,Low Rate,0.15
Outpatient,1500AB,122,1.0,0.82,-60.0,-60.0,40990.0,Low Rate,0.15
Outpatient,3100SP,128,1.0,0.78,-60.0,-60.0,38730.0,Low Rate,0.15
Outpatient,0413MA,88,1.0,1.14,-50.0,-50.0,32360.0,Low Rate,0.15
Outpatient,1025MR,155,1.0,0.65,-50.0,-50.0,33250.0,Low Rate,0.15
Outpatient,4501TS,127,1.0,0.79,-40.0,-40.0,26400.0,Low Rate,0.15
Outpatient,2300HV,51,1.0,1.96,-30.0,-30.0,19900.0,Low Rate,0.15
Outpatient,0100RS,63,1.0,1.59,-30.0,-30.0,20380.0,Low Rate,0.15
Outpatient,4504VC,107,1.0,0.93,-30.0,-30.0,19610.0,Low Rate,0.15
Outpatient,1501ZA,35,1.0,2.86,-20.0,-20.0,13250.0,Low Rate,0.15
Outpatient,2500KR,68,1.0,1.47,-20.0,-20.0,12930.0,Low Rate,0.15
Outpatient,3700HK,69,1.0,1.45,-20.0,-20.0,13300.0,Low Rate,0.15
Outpatient,4613AH,18,1.0,5.56,-10.0,-10.0,6780.0,Moderate Rate,0.15
Outpatient,3900BP,600,6.0,1.0,-210.0,-35.0,151690.0,Low Rate,0.14
Inpatient,2913GC,16,1.0,6.25,-200.0,-200.0,143800.0,Moderate Rate,0.14
Outpatient,3300TS,480,4.0,0.83,-160.0,-40.0,116410.0,Low Rate,0.14
Outpatient,1002GD,232,2.0,0.86,-100.0,-50.0,70330.0,Low Rate,0.14
Outpatient,3800SQ,216,3.0,1.39,-90.0,-30.0,63530.0,Low Rate,0.14
Outpatient,3325JQ,266,1.0,0.38,-80.0,-80.0,58040.0,Low Rate,0.14
Outpatient,1801TG,235,2.0,0.85,-80.0,-40.0,56500.0,Low Rate,0.14
Outpatient,3301NV,165,1.0,0.61,-60.0,-60.0,43200.0,Low Rate,0.14
Outpatient,3301TG,129,1.0,0.78,-60.0,-60.0,43360.0,Low Rate,0.14
Outpatient,2300XB,152,2.0,1.32,-50.0,-25.0,36870.0,Low Rate,0.14
Outpatient,4439KH,141,1.0,0.71,-50.0,-50.0,35320.0,Low Rate,0.14
Outpatient,5001XP,157,1.0,0.64,-50.0,-50.0,35570.0,Low Rate,0.14
Outpatient,16236N,112,1.0,0.89,-40.0,-40.0,29300.0,Low Rate,0.14
Outpatient,3100XG,109,1.0,0.92,-40.0,-40.0,29280.0,Low Rate,0.14
Outpatient,6866BK,98,1.0,1.02,-30.0,-30.0,20900.0,Low Rate,0.14
Outpatient,3303WR,85,2.0,2.35,-30.0,-15.0,21370.0,Low Rate,0.14
Outpatient,5200ZH,101,1.0,0.99,-30.0,-30.0,22010.0,Low Rate,0.14
Outpatient,3626CQ,71,1.0,1.41,-20.0,-20.0,14050.0,Low Rate,0.14
Outpatient,3600YD,35,1.0,2.86,-20.0,-20.0,13890.0,Low Rate,0.14
Outpatient,0601TR,53,1.0,1.89,-20.0,-20.0,13970.0,Low Rate,0.14
Outpatient,3613YK,45,1.0,2.22,-20.0,-20.0,14090.0,Low Rate,0.14
Outpatient,17136Q,37,1.0,2.7,-10.0,-10.0,7260.0,Low Rate,0.14
Outpatient,2018SR,28,1.0,3.57,-10.0,-10.0,6950.0,Low Rate,0.14
Outpatient,3101NQ,30,1.0,3.33,-10.0,-10.0,7180.0,Low Rate,0.14
Outpatient,0413XP,24,1.0,4.17,-10.0,-10.0,6960.0,Low Rate,0.14
Inpatient,36T1KH,18,1.0,5.56,-300.0,-300.0,233700.0,Moderate Rate,0.13
Outpatient,4500VK,557,5.0,0.9,-230.0,-46.0,174330.0,Low Rate,0.13
Outpatient,1000GU,693,5.0,0.72,-230.0,-46.0,179210.0,Low Rate,0.13
Outpatient,1200YJ,335,2.0,0.6,-120.0,-60.0,92120.0,Low Rate,0.13
Outpatient,3400GJ,355,2.0,0.56,-110.0,-55.0,83670.0,Low Rate,0.13
Outpatient,01008A,201,2.0,1.0,-80.0,-40.0,63060.0,Low Rate,0.13
Outpatient,0600SN,141,3.0,2.13,-50.0,-16.67,39300.0,Low Rate,0.13
Outpatient,3902VV,146,1.0,0.68,-50.0,-50.0,37540.0,Low Rate,0.13
Outpatient,3100CP,141,1.0,0.71,-50.0,-50.0,38750.0,Low Rate,0.13
Outpatient,1002SB,141,1.0,0.71,-50.0,-50.0,39140.0,Low Rate,0.13
Outpatient,1100QV,121,1.0,0.83,-50.0,-50.0,37680.0,Low Rate,0.13
Outpatient,1000XK,126,1.0,0.79,-40.0,-40.0,31570.0,Low Rate,0.13
Outpatient,1101KH,113,1.0,0.88,-40.0,-40.0,29650.0,Low Rate,0.13
Outpatient,4401DM,114,1.0,0.88,-30.0,-30.0,22590.0,Low Rate,0.13
Outpatient,0825HH,105,1.0,0.95,-30.0,-30.0,23660.0,Low Rate,0.13
Outpatient,4401JR,98,1.0,1.02,-30.0,-30.0,23940.0,Low Rate,0.13
Outpatient,2200HG,98,1.0,1.02,-30.0,-30.0,22780.0,Low Rate,0.13
Outpatient,0503AJ,77,2.0,2.6,-30.0,-15.0,22380.0,Low Rate,0.13
Outpatient,3300GM,98,2.0,2.04,-30.0,-15.0,23000.0,Low Rate,0.13
Outpatient,33256U,48,1.0,2.08,-20.0,-20.0,15750.0,Low Rate,0.13
Outpatient,3400TQ,69,1.0,1.45,-20.0,-20.0,14990.0,Low Rate,0.13
Outpatient,2601GP,54,1.0,1.85,-20.0,-20.0,15740.0,Low Rate,0.13
Outpatient,0401BB,53,1.0,1.89,-20.0,-20.0,15670.0,Low Rate,0.13
Outpatient,1000MT,52,1.0,1.92,-20.0,-20.0,15430.0,Low Rate,0.13
Outpatient,1801UH,36,1.0,2.78,-10.0,-10.0,7610.0,Low Rate,0.13
Outpatient,4418RB,27,1.0,3.7,-10.0,-10.0,7440.0,Low Rate,0.13
Outpatient,0700ZD,32,1.0,3.13,-10.0,-10.0,7680.0,Low Rate,0.13
Outpatient,2301TD,49,1.0,2.04,-10.0,-10.0,7500.0,Low Rate,0.13
Outpatient,1500ZP,41,1.0,2.44,-10.0,-10.0,7480.0,Low Rate,0.13
Inpatient,3300JQ,156,1.0,0.64,-2000.0,-2000.0,1625700.0,Low Rate,0.12
Outpatient,10028V,543,6.0,1.1,-160.0,-26.67,135180.0,Low Rate,0.12
Outpatient,3901ZC,395,3.0,0.76,-110.0,-36.67,91370.0,Low Rate,0.12
Outpatient,1600KD,321,3.0,0.93,-100.0,-33.33,85460.0,Low Rate,0.12
Outpatient,0101HG,329,2.0,0.61,-100.0,-50.0,80320.0,Low Rate,0.12
Outpatient,5200YG,395,2.0,0.51,-100.0,-50.0,81970.0,Low Rate,0.12
Outpatient,4713GM,285,3.0,1.05,-90.0,-30.0,72900.0,Low Rate,0.12
Outpatient,01006P,263,3.0,1.14,-90.0,-30.0,74800.0,Low Rate,0.12
Outpatient,3800RP,220,1.0,0.45,-80.0,-80.0,67270.0,Low Rate,0.12
Outpatient,06256K,118,1.0,0.85,-60.0,-60.0,51280.0,Low Rate,0.12
Outpatient,45016T,191,1.0,0.52,-60.0,-60.0,51410.0,Low Rate,0.12
Outpatient,5200SN,191,1.0,0.52,-60.0,-60.0,51410.0,Low Rate,0.12
Outpatient,1501SP,132,2.0,1.52,-50.0,-25.0,41570.0,Low Rate,0.12
Outpatient,3000DV,176,2.0,1.14,-50.0,-25.0,43430.0,Low Rate,0.12
Outpatient,3300QP,170,2.0,1.18,-50.0,-25.0,40490.0,Low Rate,0.12
Outpatient,1300GQ,128,1.0,0.78,-40.0,-40.0,32910.0,Low Rate,0.12
Outpatient,5213JM,147,1.0,0.68,-40.0,-40.0,33130.0,Low Rate,0.12
Outpatient,2400CN,84,1.0,1.19,-30.0,-30.0,26030.0,Low Rate,0.12
Outpatient,2600ZM,65,2.0,3.08,-30.0,-15.0,24480.0,Low Rate,0.12
Outpatient,3401AR,106,1.0,0.94,-30.0,-30.0,24080.0,Low Rate,0.12
Outpatient,3813TB,78,1.0,1.28,-20.0,-20.0,17000.0,Low Rate,0.12
Outpatient,0501RV,71,1.0,1.41,-20.0,-20.0,17200.0,Low Rate,0.12
Outpatient,19028T,62,1.0,1.61,-20.0,-20.0,17130.0,Low Rate,0.12
Outpatient,0725ST,48,1.0,2.08,-10.0,-10.0,8390.0,Low Rate,0.12
Outpatient,2313QA,39,1.0,2.56,-10.0,-10.0,8620.0,Low Rate,0.12
Outpatient,0501TB,27,1.0,3.7,-10.0,-10.0,8100.0,Low Rate,0.12
Outpatient,3600BK,20,1.0,5.0,-10.0,-10.0,8480.0,Moderate Rate,0.12
Outpatient,4200NV,1026,6.0,0.58,-310.0,-51.67,289800.0,Low Rate,0.11
Outpatient,3901RQ,500,4.0,0.8,-170.0,-42.5,152020.0,Low Rate,0.11
Outpatient,4506QS,502,3.0,0.6,-150.0,-50.0,135080.0,Low Rate,0.11
Outpatient,3400KP,526,4.0,0.76,-130.0,-32.5,121080.0,Low Rate,0.11
Outpatient,1800BG,433,1.0,0.23,-90.0,-90.0,80800.0,Low Rate,0.11
Outpatient,3601SM,296,2.0,0.68,-80.0,-40.0,73920.0,Low Rate,0.11
Outpatient,1100RJ,266,1.0,0.38,-80.0,-80.0,72520.0,Low Rate,0.11
Outpatient,4503PU,235,2.0,0.85,-80.0,-40.0,74150.0,Low Rate,0.11
Outpatient,19016B,242,2.0,0.83,-80.0,-40.0,74520.0,Low Rate,0.11
Outpatient,3301WB,271,1.0,0.37,-70.0,-70.0,63130.0,Low Rate,0.11
Outpatient,55198J,224,1.0,0.45,-70.0,-70.0,62450.0,Low Rate,0.11
Outpatient,3901VU,239,2.0,0.84,-70.0,-35.0,66200.0,Low Rate,0.11
Outpatient,2401DB,290,2.0,0.69,-70.0,-35.0,63090.0,Low Rate,0.11
Outpatient,0300PQ,242,1.0,0.41,-60.0,-60.0,56310.0,Low Rate,0.11
Outpatient,18136C,160,1.0,0.63,-60.0,-60.0,54490.0,Low Rate,0.11
Outpatient,5200PJ,156,1.0,0.64,-60.0,-60.0,56740.0,Low Rate,0.11
Outpatient,0513MN,174,2.0,1.15,-50.0,-25.0,43920.0,Low Rate,0.11
Outpatient,4401GN,156,1.0,0.64,-40.0,-40.0,37900.0,Low Rate,0.11
Outpatient,3300KR,116,1.0,0.86,-40.0,-40.0,37270.0,Low Rate,0.11
Outpatient,0101GD,67,1.0,1.49,-30.0,-30.0,26560.0,Low Rate,0.11
Outpatient,11016S,84,1.0,1.19,-30.0,-30.0,26940.0,Low Rate,0.11
Outpatient,1100WH,62,1.0,1.61,-30.0,-30.0,26590.0,Low Rate,0.11
Outpatient,1402CJ,95,1.0,1.05,-30.0,-30.0,27910.0,Low Rate,0.11
Outpatient,4513MP,103,1.0,0.97,-20.0,-20.0,18670.0,Low Rate,0.11
Outpatient,1500QB,94,1.0,1.06,-20.0,-20.0,17960.0,Low Rate,0.11
Outpatient,2713GQ,67,1.0,1.49,-20.0,-20.0,18380.0,Low Rate,0.11
Outpatient,0313NK,46,1.0,2.17,-20.0,-20.0,18590.0,Low Rate,0.11
Outpatient,22016P,49,1.0,2.04,-20.0,-20.0,17780.0,Low Rate,0.11
Outpatient,2300HP,34,1.0,2.94,-10.0,-10.0,8780.0,Low Rate,0.11
Outpatient,25006D,60,1.0,1.67,-10.0,-10.0,8840.0,Low Rate,0.11
Outpatient,0505MB,54,1.0,1.85,-10.0,-10.0,8840.0,Low Rate,0.11
Outpatient,1113QU,32,1.0,3.13,-10.0,-10.0,9120.0,Low Rate,0.11
Outpatient,4513QS,29,1.0,3.45,-10.0,-10.0,8860.0,Low Rate,0.11
Outpatient,41008M,899,5.0,0.56,-190.0,-38.0,185680.0,Low Rate,0.1
Outpatient,3601RS,818,3.0,0.37,-160.0,-53.33,165160.0,Low Rate,0.1
Outpatient,3401MN,424,2.0,0.47,-120.0,-60.0,125950.0,Low Rate,0.1
Outpatient,2600BQ,415,3.0,0.72,-120.0,-40.0,117330.0,Low Rate,0.1
Outpatient,4503SB,444,4.0,0.9,-110.0,-27.5,111120.0,Low Rate,0.1
Outpatient,3901DK,447,3.0,0.67,-110.0,-36.67,112150.0,Low Rate,0.1
Outpatient,16008K,436,2.0,0.46,-90.0,-45.0,87290.0,Low Rate,0.1
Outpatient,30138N,359,3.0,0.84,-90.0,-30.0,86680.0,Low Rate,0.1
Outpatient,4503BH,277,1.0,0.36,-80.0,-80.0,80840.0,Low Rate,0.1
Outpatient,0101KK,288,2.0,0.69,-80.0,-40.0,78290.0,Low Rate,0.1
Outpatient,1000DT,202,2.0,0.99,-60.0,-30.0,58780.0,Low Rate,0.1
Outpatient,0503CM,244,1.0,0.41,-60.0,-60.0,60100.0,Low Rate,0.1
Outpatient,3613ZM,202,1.0,0.5,-60.0,-60.0,59390.0,Low Rate,0.1
Outpatient,3302NN,168,1.0,0.6,-60.0,-60.0,58210.0,Low Rate,0.1
Outpatient,23136G,179,1.0,0.56,-50.0,-50.0,47940.0,Low Rate,0.1
Outpatient,3813CH,154,1.0,0.65,-40.0,-40.0,40830.0,Low Rate,0.1
Outpatient,2585MN,135,1.0,0.74,-40.0,-40.0,41440.0,Low Rate,0.1
Outpatient,3425PN,120,1.0,0.83,-30.0,-30.0,28900.0,Low Rate,0.1
Outpatient,1113BP,110,1.0,0.91,-30.0,-30.0,29460.0,Low Rate,0.1
Outpatient,1113JV,99,1.0,1.01,-20.0,-20.0,19440.0,Low Rate,0.1
Outpatient,2900AM,69,1.0,1.45,-20.0,-20.0,19710.0,Low Rate,0.1
Outpatient,3900NS,68,1.0,1.47,-20.0,-20.0,19570.0,Low Rate,0.1
Outpatient,3300HN,65,1.0,1.54,-20.0,-20.0,19300.0,Low Rate,0.1
Outpatient,3603JK,62,1.0,1.61,-20.0,-20.0,20590.0,Low Rate,0.1
Outpatient,1900TG,48,1.0,2.08,-20.0,-20.0,20230.0,Low Rate,0.1
Outpatient,1925AD,48,1.0,2.08,-10.0,-10.0,10490.0,Low Rate,0.1
Outpatient,3303JB,67,1.0,1.49,-10.0,-10.0,10050.0,Low Rate,0.1
Outpatient,4513QB,67,1.0,1.49,-10.0,-10.0,10140.0,Low Rate,0.1
Outpatient,0527GK,40,1.0,2.5,-10.0,-10.0,10150.0,Low Rate,0.1
Outpatient,4525CB,36,1.0,2.78,-10.0,-10.0,10130.0,Low Rate,0.1
Outpatient,51008V,20,1.0,5.0,-10.0,-10.0,10450.0,Moderate Rate,0.1
Outpatient,3800GK,984,5.0,0.51,-250.0,-50.0,272650.0,Low Rate,0.09
Outpatient,1401BA,849,5.0,0.59,-220.0,-44.0,231990.0,Low Rate,0.09
Outpatient,4500PK,813,6.0,0.74,-200.0,-33.33,233290.0,Low Rate,0.09
Outpatient,5001TJ,572,6.0,1.05,-170.0,-28.33,185420.0,Low Rate,0.09
Outpatient,1400QD,603,4.0,0.66,-170.0,-42.5,188000.0,Low Rate,0.09
Outpatient,3901KR,676,3.0,0.44,-130.0,-43.33,150330.0,Low Rate,0.09
Outpatient,4502XH,316,3.0,0.95,-110.0,-36.67,116730.0,Low Rate,0.09
Outpatient,4200AR,366,3.0,0.82,-100.0,-33.33,115890.0,Low Rate,0.09
Outpatient,4200HJ,365,2.0,0.55,-100.0,-50.0,111940.0,Low Rate,0.09
Outpatient,1402XJ,295,1.0,0.34,-80.0,-80.0,90520.0,Low Rate,0.09
Outpatient,0503DN,336,4.0,1.19,-80.0,-20.0,92110.0,Low Rate,0.09
Outpatient,4200MU,338,2.0,0.59,-80.0,-40.0,88280.0,Low Rate,0.09
Outpatient,1839ZB,482,2.0,0.41,-80.0,-40.0,90990.0,Low Rate,0.09
Outpatient,25136M,293,2.0,0.68,-70.0,-35.0,77300.0,Low Rate,0.09
Outpatient,0513ZU,277,2.0,0.72,-70.0,-35.0,82050.0,Low Rate,0.09
Outpatient,33016V,242,4.0,1.65,-60.0,-15.0,63430.0,Low Rate,0.09
Outpatient,1002YS,270,1.0,0.37,-60.0,-60.0,67430.0,Low Rate,0.09
Outpatient,4400ZM,234,2.0,0.85,-60.0,-30.0,69780.0,Low Rate,0.09
Outpatient,0301GC,185,1.0,0.54,-60.0,-60.0,65080.0,Low Rate,0.09
Outpatient,3301TU,197,2.0,1.02,-50.0,-25.0,55210.0,Low Rate,0.09
Outpatient,3300RA,219,1.0,0.46,-50.0,-50.0,55070.0,Low Rate,0.09
Outpatient,4400JJ,162,1.0,0.62,-50.0,-50.0,55280.0,Low Rate,0.09
Outpatient,4200NH,157,2.0,1.27,-40.0,-20.0,42700.0,Low Rate,0.09
Outpatient,1800BP,159,1.0,0.63,-40.0,-40.0,46450.0,Low Rate,0.09
Outpatient,3400PS,146,2.0,1.37,-30.0,-15.0,31910.0,Low Rate,0.09
Outpatient,2400AB,94,1.0,1.06,-30.0,-30.0,33530.0,Low Rate,0.09
Outpatient,4528YM,105,1.0,0.95,-30.0,-30.0,33550.0,Low Rate,0.09
Outpatient,3301XM,117,1.0,0.85,-30.0,-30.0,32470.0,Low Rate,0.09
Outpatient,2513QG,81,1.0,1.23,-20.0,-20.0,23330.0,Low Rate,0.09
Outpatient,45088H,102,1.0,0.98,-20.0,-20.0,22350.0,Low Rate,0.09
Outpatient,5100WQ,78,1.0,1.28,-20.0,-20.0,21810.0,Low Rate,0.09
Outpatient,2201UG,63,1.0,1.59,-20.0,-20.0,22750.0,Low Rate,0.09
Outpatient,3100WT,102,2.0,1.96,-20.0,-10.0,23150.0,Low Rate,0.09
Outpatient,3426YM,49,1.0,2.04,-20.0,-20.0,22640.0,Low Rate,0.09
Outpatient,2500CR,37,1.0,2.7,-10.0,-10.0,10540.0,Low Rate,0.09
Outpatient,1813GK,61,1.0,1.64,-10.0,-10.0,11400.0,Low Rate,0.09
Outpatient,3304UJ,55,1.0,1.82,-10.0,-10.0,11090.0,Low Rate,0.09
Outpatient,4313QT,37,1.0,2.7,-10.0,-10.0,11740.0,Low Rate,0.09
Outpatient,1613HN,30,1.0,3.33,-10.0,-10.0,11300.0,Low Rate,0.09
Inpatient,3400XN,396,1.0,0.25,-3000.0,-3000.0,3841000.0,Low Rate,0.08
Inpatient,4900ZV,84,1.0,1.19,-600.0,-600.0,788400.0,Low Rate,0.08
Outpatient,3600QA,2434,16.0,0.66,-560.0,-35.0,690290.0,Low Rate,0.08
Outpatient,1401ZD,1222,5.0,0.41,-310.0,-62.0,387260.0,Low Rate,0.08
Outpatient,4900CN,1331,7.0,0.53,-280.0,-40.0,351510.0,Low Rate,0.08
Outpatient,3100TJ,1082,6.0,0.55,-250.0,-41.67,295320.0,Low Rate,0.08
Outpatient,2000XR,1063,4.0,0.38,-190.0,-47.5,247900.0,Low Rate,0.08
Outpatient,4402SR,606,4.0,0.66,-160.0,-40.0,200880.0,Low Rate,0.08
Outpatient,1701AJ,723,5.0,0.69,-150.0,-30.0,187220.0,Low Rate,0.08
Outpatient,4900BC,689,4.0,0.58,-140.0,-35.0,178990.0,Low Rate,0.08
Outpatient,5000HS,529,4.0,0.76,-140.0,-35.0,173060.0,Low Rate,0.08
Outpatient,0503RC,634,5.0,0.79,-130.0,-26.0,162510.0,Low Rate,0.08
Outpatient,0502NQ,548,3.0,0.55,-120.0,-40.0,154730.0,Low Rate,0.08
Outpatient,3302BQ,543,4.0,0.74,-120.0,-30.0,159690.0,Low Rate,0.08
Outpatient,3000BT,563,2.0,0.36,-110.0,-55.0,141020.0,Low Rate,0.08
Outpatient,4500HB,468,2.0,0.43,-90.0,-45.0,108530.0,Low Rate,0.08
Outpatient,4400HU,486,1.0,0.21,-90.0,-90.0,118370.0,Low Rate,0.08
Outpatient,1500XC,461,1.0,0.22,-80.0,-80.0,103040.0,Low Rate,0.08
Outpatient,3401VA,353,3.0,0.85,-80.0,-26.67,102330.0,Low Rate,0.08
Outpatient,0506GM,261,2.0,0.77,-70.0,-35.0,86340.0,Low Rate,0.08
Outpatient,1401QA,286,2.0,0.7,-70.0,-35.0,92050.0,Low Rate,0.08
Outpatient,3813VD,363,1.0,0.28,-60.0,-60.0,79240.0,Low Rate,0.08
Outpatient,3700UB,285,1.0,0.35,-60.0,-60.0,76710.0,Low Rate,0.08
Outpatient,1800GS,261,2.0,0.77,-60.0,-30.0,72140.0,Low Rate,0.08
Outpatient,4508RB,260,2.0,0.77,-60.0,-30.0,72670.0,Low Rate,0.08
Outpatient,1000VV,262,1.0,0.38,-60.0,-60.0,77170.0,Low Rate,0.08
Outpatient,17008H,189,2.0,1.06,-50.0,-25.0,66640.0,Low Rate,0.08
Outpatient,1101GB,238,1.0,0.42,-50.0,-50.0,62830.0,Low Rate,0.08
Outpatient,3413VU,194,1.0,0.52,-50.0,-50.0,66390.0,Low Rate,0.08
Outpatient,4901XV,186,1.0,0.54,-50.0,-50.0,59410.0,Low Rate,0.08
Outpatient,3413RQ,206,2.0,0.97,-40.0,-20.0,50660.0,Low Rate,0.08
Outpatient,3302UD,164,1.0,0.61,-40.0,-40.0,51590.0,Low Rate,0.08
Outpatient,1813VD,188,1.0,0.53,-40.0,-40.0,51680.0,Low Rate,0.08
Outpatient,4530UM,188,1.0,0.53,-40.0,-40.0,49920.0,Low Rate,0.08
Outpatient,3301HQ,162,1.0,0.62,-40.0,-40.0,51500.0,Low Rate,0.08
Outpatient,5201ZA,191,1.0,0.52,-40.0,-40.0,49080.0,Low Rate,0.08
Outpatient,3600PV,159,1.0,0.63,-40.0,-40.0,48430.0,Low Rate,0.08
Outpatient,3913TQ,203,1.0,0.49,-40.0,-40.0,51000.0,Low Rate,0.08
Outpatient,3303XS,209,1.0,0.48,-40.0,-40.0,50170.0,Low Rate,0.08
Outpatient,4900BM,279,1.0,0.36,-40.0,-40.0,49850.0,Low Rate,0.08
Outpatient,4400AV,179,2.0,1.12,-30.0,-15.0,37470.0,Low Rate,0.08
Outpatient,3100GJ,144,1.0,0.69,-30.0,-30.0,37930.0,Low Rate,0.08
Outpatient,3302WH,168,1.0,0.6,-30.0,-30.0,39710.0,Low Rate,0.08
Outpatient,2800DM,159,1.0,0.63,-30.0,-30.0,39530.0,Low Rate,0.08
Outpatient,4500ZH,95,1.0,1.05,-20.0,-20.0,25070.0,Low Rate,0.08
Outpatient,3200ZP,129,1.0,0.78,-20.0,-20.0,24250.0,Low Rate,0.08
Outpatient,1902MA,113,1.0,0.88,-20.0,-20.0,25860.0,Low Rate,0.08
Outpatient,4100KP,105,1.0,0.95,-20.0,-20.0,24680.0,Low Rate,0.08
Outpatient,2300JJ,89,1.0,1.12,-20.0,-20.0,26450.0,Low Rate,0.08
Outpatient,3301QJ,92,1.0,1.09,-20.0,-20.0,24220.0,Low Rate,0.08
Outpatient,1225AV,76,1.0,1.32,-20.0,-20.0,23670.0,Low Rate,0.08
Outpatient,4501ZS,73,1.0,1.37,-20.0,-20.0,24050.0,Low Rate,0.08
Outpatient,2585ZP,73,1.0,1.37,-20.0,-20.0,26170.0,Low Rate,0.08
Outpatient,1001WT,121,2.0,1.65,-20.0,-10.0,25400.0,Low Rate,0.08
Outpatient,18256P,85,1.0,1.18,-20.0,-20.0,23600.0,Low Rate,0.08
Outpatient,2302NQ,46,1.0,2.17,-10.0,-10.0,12320.0,Low Rate,0.08
Outpatient,0505WG,67,1.0,1.49,-10.0,-10.0,13330.0,Low Rate,0.08
Outpatient,1513SK,56,1.0,1.79,-10.0,-10.0,12090.0,Low Rate,0.08
Outpatient,1501TQ,55,1.0,1.82,-10.0,-10.0,12540.0,Low Rate,0.08
Outpatient,1513SS,53,1.0,1.89,-10.0,-10.0,13060.0,Low Rate,0.08
Outpatient,1402UD,43,1.0,2.33,-10.0,-10.0,12070.0,Low Rate,0.08
Outpatient,39036D,32,1.0,3.13,-10.0,-10.0,12350.0,Low Rate,0.08
Inpatient,2600QH,162,1.0,0.62,-1000.0,-1000.0,1489200.0,Low Rate,0.07
Inpatient,2300AH,83,1.0,1.2,-600.0,-600.0,803400.0,Low Rate,0.07
Outpatient,1900JS,1348,9.0,0.67,-300.0,-33.33,430100.0,Low Rate,0.07
Outpatient,0503VA,1288,8.0,0.62,-280.0,-35.0,375290.0,Low Rate,0.07
Outpatient,3601TU,1169,5.0,0.43,-240.0,-48.0,362350.0,Low Rate,0.07
Outpatient,1600BC,798,4.0,0.5,-200.0,-50.0,289020.0,Low Rate,0.07
Outpatient,1002RJ,955,6.0,0.63,-190.0,-31.67,259790.0,Low Rate,0.07
Outpatient,33T2MM,816,5.0,0.61,-150.0,-30.0,210690.0,Low Rate,0.07
Outpatient,1001BD,813,4.0,0.49,-150.0,-37.5,213720.0,Low Rate,0.07
Outpatient,4507BD,760,4.0,0.53,-140.0,-35.0,202460.0,Low Rate,0.07
Outpatient,28006G,774,3.0,0.39,-140.0,-46.67,213090.0,Low Rate,0.07
Outpatient,1401AV,741,5.0,0.67,-130.0,-26.0,198300.0,Low Rate,0.07
Outpatient,3302ND,788,5.0,0.63,-130.0,-26.0,193180.0,Low Rate,0.07
Outpatient,5518YJ,515,2.0,0.39,-110.0,-55.0,154970.0,Low Rate,0.07
Outpatient,5201UB,622,2.0,0.32,-100.0,-50.0,150940.0,Low Rate,0.07
Outpatient,2800GN,369,2.0,0.54,-90.0,-45.0,132240.0,Low Rate,0.07
Outpatient,2500QV,251,3.0,1.2,-90.0,-30.0,137070.0,Low Rate,0.07
Outpatient,5200ZV,428,2.0,0.47,-90.0,-45.0,126170.0,Low Rate,0.07
Outpatient,2600VP,571,1.0,0.18,-80.0,-80.0,119920.0,Low Rate,0.07
Outpatient,3400VS,509,3.0,0.59,-80.0,-26.67,108670.0,Low Rate,0.07
Outpatient,0513ST,415,3.0,0.72,-80.0,-26.67,120740.0,Low Rate,0.07
Outpatient,3500WH,403,2.0,0.5,-70.0,-35.0,106230.0,Low Rate,0.07
Outpatient,3900SR,358,2.0,0.56,-70.0,-35.0,96770.0,Low Rate,0.07
Outpatient,3400XU,220,2.0,0.91,-70.0,-35.0,102550.0,Low Rate,0.07
Outpatient,3701XB,373,3.0,0.8,-60.0,-20.0,90260.0,Low Rate,0.07
Outpatient,1000RK,273,1.0,0.37,-60.0,-60.0,80870.0,Low Rate,0.07
Outpatient,4713HN,298,2.0,0.67,-60.0,-30.0,86150.0,Low Rate,0.07
Outpatient,3300CA,348,2.0,0.57,-60.0,-30.0,88250.0,Low Rate,0.07
Outpatient,4100AC,338,2.0,0.59,-60.0,-30.0,86160.0,Low Rate,0.07
Outpatient,4200SD,339,1.0,0.29,-60.0,-60.0,90400.0,Low Rate,0.07
Outpatient,0100NV,355,1.0,0.28,-60.0,-60.0,82310.0,Low Rate,0.07
Outpatient,34008C,274,1.0,0.36,-60.0,-60.0,80070.0,Low Rate,0.07
Outpatient,4500QM,345,1.0,0.29,-60.0,-60.0,88000.0,Low Rate,0.07
Outpatient,17016H,310,1.0,0.32,-60.0,-60.0,89920.0,Low Rate,0.07
Outpatient,2501PG,331,1.0,0.3,-60.0,-60.0,84720.0,Low Rate,0.07
Outpatient,3304RD,245,1.0,0.41,-50.0,-50.0,71910.0,Low Rate,0.07
Outpatient,1001HR,167,1.0,0.6,-50.0,-50.0,68620.0,Low Rate,0.07
Outpatient,2301DT,266,1.0,0.38,-50.0,-50.0,73080.0,Low Rate,0.07
Outpatient,0500AM,251,1.0,0.4,-50.0,-50.0,75350.0,Low Rate,0.07
Outpatient,3801JK,271,2.0,0.74,-50.0,-25.0,70030.0,Low Rate,0.07
Outpatient,29136T,176,2.0,1.14,-40.0,-20.0,59330.0,Low Rate,0.07
Outpatient,4400DS,268,1.0,0.37,-40.0,-40.0,58420.0,Low Rate,0.07
Outpatient,3813AD,148,1.0,0.68,-40.0,-40.0,58810.0,Low Rate,0.07
Outpatient,2913YR,189,1.0,0.53,-40.0,-40.0,57340.0,Low Rate,0.07
Outpatient,4508ZN,242,1.0,0.41,-40.0,-40.0,56740.0,Low Rate,0.07
Outpatient,3800HM,170,1.0,0.59,-40.0,-40.0,54050.0,Low Rate,0.07
Outpatient,5200WC,233,1.0,0.43,-40.0,-40.0,60410.0,Low Rate,0.07
Outpatient,22018A,231,1.0,0.43,-40.0,-40.0,55000.0,Low Rate,0.07
Outpatient,4200KT,238,1.0,0.42,-40.0,-40.0,57560.0,Low Rate,0.07
Outpatient,1400XG,187,1.0,0.53,-30.0,-30.0,45480.0,Low Rate,0.07
Outpatient,4526XV,133,2.0,1.5,-30.0,-15.0,43150.0,Low Rate,0.07
Outpatient,4400UN,131,2.0,1.53,-30.0,-15.0,42850.0,Low Rate,0.07
Outpatient,2601XC,220,1.0,0.45,-30.0,-30.0,45960.0,Low Rate,0.07
Outpatient,2000MC,148,1.0,0.68,-30.0,-30.0,45040.0,Low Rate,0.07
Outpatient,3303TN,138,1.0,0.72,-30.0,-30.0,42680.0,Low Rate,0.07
Outpatient,4500WC,190,1.0,0.53,-30.0,-30.0,44920.0,Low Rate,0.07
Outpatient,1413WH,181,1.0,0.55,-30.0,-30.0,44290.0,Low Rate,0.07
Outpatient,0434JG,168,1.0,0.6,-30.0,-30.0,44880.0,Low Rate,0.07
Outpatient,2838BH,89,1.0,1.12,-30.0,-30.0,40690.0,Low Rate,0.07
Outpatient,0502QS,158,1.0,0.63,-30.0,-30.0,40930.0,Low Rate,0.07
Outpatient,2602DP,142,1.0,0.7,-30.0,-30.0,43130.0,Low Rate,0.07
Outpatient,3813SA,140,1.0,0.71,-30.0,-30.0,40650.0,Low Rate,0.07
Outpatient,4200CD,130,1.0,0.77,-30.0,-30.0,41270.0,Low Rate,0.07
Outpatient,5300QV,200,2.0,1.0,-30.0,-15.0,46120.0,Low Rate,0.07
Outpatient,3300RH,150,1.0,0.67,-20.0,-20.0,29690.0,Low Rate,0.07
Outpatient,2302BM,136,1.0,0.74,-20.0,-20.0,29680.0,Low Rate,0.07
Outpatient,2225CJ,121,1.0,0.83,-20.0,-20.0,28680.0,Low Rate,0.07
Outpatient,0413JU,121,1.0,0.83,-20.0,-20.0,28390.0,Low Rate,0.07
Outpatient,0300JK,114,1.0,0.88,-20.0,-20.0,28490.0,Low Rate,0.07
Outpatient,3601TN,102,1.0,0.98,-20.0,-20.0,30400.0,Low Rate,0.07
Outpatient,1119SV,96,1.0,1.04,-20.0,-20.0,26750.0,Low Rate,0.07
Outpatient,3303VQ,83,1.0,1.2,-20.0,-20.0,29570.0,Low Rate,0.07
Outpatient,2500HN,151,2.0,1.32,-20.0,-10.0,28790.0,Low Rate,0.07
Outpatient,5000QD,96,1.0,1.04,-20.0,-20.0,29710.0,Low Rate,0.07
Outpatient,3301UH,100,2.0,2.0,-20.0,-10.0,28950.0,Low Rate,0.07
Outpatient,4530YJ,120,2.0,1.67,-20.0,-10.0,26740.0,Low Rate,0.07
Outpatient,0504AN,60,1.0,1.67,-10.0,-10.0,14280.0,Low Rate,0.07
Outpatient,1013DM,48,1.0,2.08,-10.0,-10.0,14310.0,Low Rate,0.07
Outpatient,2639AJ,84,1.0,1.19,-10.0,-10.0,13560.0,Low Rate,0.07
Outpatient,3101MP,70,1.0,1.43,-10.0,-10.0,13740.0,Low Rate,0.07
Outpatient,1500UQ,69,1.0,1.45,-10.0,-10.0,13490.0,Low Rate,0.07
Outpatient,1413AG,68,1.0,1.47,-10.0,-10.0,14300.0,Low Rate,0.07
Outpatient,1438RU,65,1.0,1.54,-10.0,-10.0,14730.0,Low Rate,0.07
Outpatient,0300CC,56,1.0,1.79,-10.0,-10.0,14840.0,Low Rate,0.07
Outpatient,0413KV,53,1.0,1.89,-10.0,-10.0,13580.0,Low Rate,0.07
Outpatient,4530RH,49,1.0,2.04,-10.0,-10.0,14300.0,Low Rate,0.07
Outpatient,4530VN,39,1.0,2.56,-10.0,-10.0,13960.0,Low Rate,0.07
Outpatient,4218KJ,35,1.0,2.86,-10.0,-10.0,14000.0,Low Rate,0.07
Outpatient,1402JQ,2711,13.0,0.48,-500.0,-38.46,823720.0,Low Rate,0.06
Outpatient,2900PS,2047,9.0,0.44,-340.0,-37.78,610110.0,Low Rate,0.06
Outpatient,2300RB,1678,7.0,0.42,-300.0,-42.86,501260.0,Low Rate,0.06
Inpatient,1601MB,46,1.0,2.17,-300.0,-300.0,463700.0,Low Rate,0.06
Outpatient,0505YJ,1583,7.0,0.44,-270.0,-38.57,445310.0,Low Rate,0.06
Outpatient,4501JQ,1499,9.0,0.6,-250.0,-27.78,392620.0,Low Rate,0.06
Outpatient,3602RQ,1494,6.0,0.4,-240.0,-40.0,412160.0,Low Rate,0.06
Outpatient,3902CK,1423,5.0,0.35,-220.0,-44.0,353200.0,Low Rate,0.06
Outpatient,2100UA,1292,6.0,0.46,-220.0,-36.67,363620.0,Low Rate,0.06
Outpatient,1001ZQ,1246,6.0,0.48,-210.0,-35.0,377560.0,Low Rate,0.06
Outpatient,2300AQ,1177,7.0,0.59,-200.0,-28.57,329430.0,Low Rate,0.06
Outpatient,5000VC,1239,5.0,0.4,-200.0,-40.0,337410.0,Low Rate,0.06
Outpatient,01008J,1341,5.0,0.37,-190.0,-38.0,336580.0,Low Rate,0.06
Outpatient,0800RA,1044,5.0,0.48,-180.0,-36.0,309040.0,Low Rate,0.06
Outpatient,15016R,790,3.0,0.38,-170.0,-56.67,262270.0,Low Rate,0.06
Outpatient,3000KG,1156,4.0,0.35,-170.0,-42.5,290880.0,Low Rate,0.06
Outpatient,3100QT,938,4.0,0.43,-170.0,-42.5,299620.0,Low Rate,0.06
Outpatient,2301MD,852,6.0,0.7,-160.0,-26.67,252040.0,Low Rate,0.06
Outpatient,3600JB,919,5.0,0.54,-150.0,-30.0,234010.0,Low Rate,0.06
Outpatient,3600UG,866,4.0,0.46,-150.0,-37.5,241070.0,Low Rate,0.06
Outpatient,3318HQ,799,3.0,0.38,-130.0,-43.33,208210.0,Low Rate,0.06
Outpatient,1400RG,699,2.0,0.29,-130.0,-65.0,200160.0,Low Rate,0.06
Outpatient,3400UB,736,3.0,0.41,-120.0,-40.0,192700.0,Low Rate,0.06
Outpatient,5100UN,593,3.0,0.51,-120.0,-40.0,185260.0,Low Rate,0.06
Outpatient,2200PG,680,3.0,0.44,-110.0,-36.67,178890.0,Low Rate,0.06
Outpatient,0100DN,618,4.0,0.65,-110.0,-27.5,184060.0,Low Rate,0.06
Outpatient,4900VR,572,2.0,0.35,-100.0,-50.0,164740.0,Low Rate,0.06
Inpatient,3300TS,20,1.0,5.0,-100.0,-100.0,177900.0,Moderate Rate,0.06
Outpatient,2100SU,490,3.0,0.61,-90.0,-30.0,153800.0,Low Rate,0.06
Outpatient,4901RP,571,3.0,0.53,-90.0,-30.0,153200.0,Low Rate,0.06
Outpatient,3600JR,456,4.0,0.88,-80.0,-20.0,125790.0,Low Rate,0.06
Outpatient,0518VN,518,3.0,0.58,-80.0,-26.67,136290.0,Low Rate,0.06
Outpatient,18206H,434,2.0,0.46,-80.0,-40.0,129360.0,Low Rate,0.06
Outpatient,4400WH,456,3.0,0.66,-80.0,-26.67,144130.0,Low Rate,0.06
Outpatient,1401YS,429,2.0,0.47,-80.0,-40.0,134770.0,Low Rate,0.06
Outpatient,1800KA,365,1.0,0.27,-70.0,-70.0,112980.0,Low Rate,0.06
Outpatient,2513CA,289,2.0,0.69,-70.0,-35.0,108390.0,Low Rate,0.06
Outpatient,3413PN,417,3.0,0.72,-70.0,-23.33,123090.0,Low Rate,0.06
Outpatient,3600AA,305,3.0,0.98,-70.0,-23.33,123080.0,Low Rate,0.06
Outpatient,1100AG,456,1.0,0.22,-70.0,-70.0,117230.0,Low Rate,0.06
Outpatient,0100UP,418,1.0,0.24,-60.0,-60.0,104240.0,Low Rate,0.06
Outpatient,3425HM,257,2.0,0.78,-60.0,-30.0,94030.0,Low Rate,0.06
Outpatient,4504DH,480,1.0,0.21,-60.0,-60.0,105510.0,Low Rate,0.06
Outpatient,2602XD,347,1.0,0.29,-60.0,-60.0,100420.0,Low Rate,0.06
Outpatient,0401GG,351,1.0,0.28,-60.0,-60.0,106060.0,Low Rate,0.06
Outpatient,3301ZP,359,1.0,0.28,-60.0,-60.0,109030.0,Low Rate,0.06
Outpatient,4200SN,331,2.0,0.6,-50.0,-25.0,80110.0,Low Rate,0.06
Outpatient,2320KM,324,2.0,0.62,-50.0,-25.0,82410.0,Low Rate,0.06
Outpatient,3903AG,242,1.0,0.41,-50.0,-50.0,85440.0,Low Rate,0.06
Outpatient,3602WV,274,1.0,0.36,-50.0,-50.0,82310.0,Low Rate,0.06
Outpatient,3500HU,239,1.0,0.42,-40.0,-40.0,64210.0,Low Rate,0.06
Outpatient,4200VJ,248,1.0,0.4,-40.0,-40.0,66460.0,Low Rate,0.06
Outpatient,44008V,294,1.0,0.34,-40.0,-40.0,71720.0,Low Rate,0.06
Outpatient,4506HR,234,1.0,0.43,-30.0,-30.0,52280.0,Low Rate,0.06
Outpatient,4507VS,137,1.0,0.73,-30.0,-30.0,47220.0,Low Rate,0.06
Outpatient,2400ZH,152,1.0,0.66,-30.0,-30.0,47640.0,Low Rate,0.06
Outpatient,4000PM,145,1.0,0.69,-20.0,-20.0,33330.0,Low Rate,0.06
Outpatient,3100BN,95,1.0,1.05,-20.0,-20.0,33390.0,Low Rate,0.06
Outpatient,1801KT,142,1.0,0.7,-20.0,-20.0,36190.0,Low Rate,0.06
Outpatient,3701XK,111,1.0,0.9,-20.0,-20.0,32760.0,Low Rate,0.06
Outpatient,3426YS,140,1.0,0.71,-20.0,-20.0,31640.0,Low Rate,0.06
Outpatient,2013RT,110,1.0,0.91,-20.0,-20.0,32870.0,Low Rate,0.06
Outpatient,1800VN,85,1.0,1.18,-20.0,-20.0,35170.0,Low Rate,0.06
Outpatient,1002KK,135,1.0,0.74,-20.0,-20.0,31090.0,Low Rate,0.06
Outpatient,0413AT,146,1.0,0.68,-20.0,-20.0,33020.0,Low Rate,0.06
Outpatient,4508GD,130,1.0,0.77,-20.0,-20.0,31370.0,Low Rate,0.06
Outpatient,3400KG,129,1.0,0.78,-20.0,-20.0,35850.0,Low Rate,0.06
Outpatient,3613PU,145,2.0,1.38,-20.0,-10.0,34240.0,Low Rate,0.06
Outpatient,2413YM,86,1.0,1.16,-20.0,-20.0,32970.0,Low Rate,0.06
Outpatient,1800CH,120,1.0,0.83,-20.0,-20.0,35670.0,Low Rate,0.06
Outpatient,5313DQ,106,1.0,0.94,-20.0,-20.0,31190.0,Low Rate,0.06
Outpatient,4900MV,102,1.0,0.98,-20.0,-20.0,33540.0,Low Rate,0.06
Outpatient,1002BJ,98,1.0,1.02,-20.0,-20.0,33260.0,Low Rate,0.06
Outpatient,05188N,98,1.0,1.02,-20.0,-20.0,31400.0,Low Rate,0.06
Outpatient,0506UT,92,1.0,1.09,-20.0,-20.0,30970.0,Low Rate,0.06
Outpatient,1400NB,92,1.0,1.09,-20.0,-20.0,36140.0,Low Rate,0.06
Outpatient,04006B,91,1.0,1.1,-20.0,-20.0,33480.0,Low Rate,0.06
Outpatient,11138U,53,1.0,1.89,-10.0,-10.0,16970.0,Low Rate,0.06
Outpatient,03008A,47,1.0,2.13,-10.0,-10.0,16680.0,Low Rate,0.06
Outpatient,2700BH,77,1.0,1.3,-10.0,-10.0,16820.0,Low Rate,0.06
Outpatient,2900PC,77,1.0,1.3,-10.0,-10.0,16350.0,Low Rate,0.06
Outpatient,1800UM,76,1.0,1.32,-10.0,-10.0,17890.0,Low Rate,0.06
Outpatient,0900VB,67,1.0,1.49,-10.0,-10.0,16220.0,Low Rate,0.06
Outpatient,5000QT,65,1.0,1.54,-10.0,-10.0,17820.0,Low Rate,0.06
Outpatient,2165WJ,64,1.0,1.56,-10.0,-10.0,15440.0,Low Rate,0.06
Outpatient,0700QQ,63,1.0,1.59,-10.0,-10.0,17450.0,Low Rate,0.06
Outpatient,1100YB,54,1.0,1.85,-10.0,-10.0,16020.0,Low Rate,0.06
Outpatient,3125NS,50,1.0,2.0,-10.0,-10.0,16280.0,Low Rate,0.06
Outpatient,1800TB,80,1.0,1.25,-10.0,-10.0,17570.0,Low Rate,0.06
Outpatient,1013CK,71,1.0,1.41,-10.0,-10.0,17170.0,Low Rate,0.06
Outpatient,0434UK,49,1.0,2.04,-10.0,-10.0,17750.0,Low Rate,0.06
Outpatient,4500NJ,3783,18.0,0.48,-550.0,-30.56,1117830.0,Low Rate,0.05
Outpatient,1000VH,3394,10.0,0.29,-400.0,-40.0,849460.0,Low Rate,0.05
Outpatient,4500DP,2593,13.0,0.5,-370.0,-28.46,726610.0,Low Rate,0.05
Outpatient,05036H,2480,7.0,0.28,-330.0,-47.14,667880.0,Low Rate,0.05
Inpatient,1402QV,77,1.0,1.3,-300.0,-300.0,665700.0,Low Rate,0.05
Outpatient,2400YU,1953,7.0,0.36,-260.0,-37.14,547020.0,Low Rate,0.05
Outpatient,2601BK,1927,8.0,0.42,-260.0,-32.5,492190.0,Low Rate,0.05
Outpatient,21006R,1476,8.0,0.54,-250.0,-31.25,458850.0,Low Rate,0.05
Outpatient,3902GN,1637,7.0,0.43,-240.0,-34.29,527270.0,Low Rate,0.05
Outpatient,2400DG,1724,7.0,0.41,-230.0,-32.86,464780.0,Low Rate,0.05
Outpatient,4400XJ,1534,8.0,0.52,-230.0,-28.75,469330.0,Low Rate,0.05
Outpatient,1100SK,1877,8.0,0.43,-220.0,-27.5,470780.0,Low Rate,0.05
Outpatient,1000SS,1418,5.0,0.35,-210.0,-42.0,440490.0,Low Rate,0.05
Outpatient,2600QH,1650,3.0,0.18,-210.0,-70.0,391590.0,Low Rate,0.05
Outpatient,2200VV,1393,4.0,0.29,-170.0,-42.5,339620.0,Low Rate,0.05
Outpatient,1102BD,1146,6.0,0.52,-170.0,-28.33,333660.0,Low Rate,0.05
Outpatient,1401JR,1347,4.0,0.3,-160.0,-40.0,345440.0,Low Rate,0.05
Outpatient,4900ZV,771,3.0,0.39,-150.0,-50.0,327800.0,Low Rate,0.05
Outpatient,2300BJ,1309,3.0,0.23,-140.0,-46.67,303250.0,Low Rate,0.05
Outpatient,3901KA,850,4.0,0.47,-130.0,-32.5,263230.0,Low Rate,0.05
Outpatient,3401CM,896,5.0,0.56,-130.0,-26.0,280630.0,Low Rate,0.05
Outpatient,1000JB,825,4.0,0.48,-120.0,-30.0,229820.0,Low Rate,0.05
Outpatient,3303KC,847,4.0,0.47,-120.0,-30.0,256550.0,Low Rate,0.05
Outpatient,0700VV,716,4.0,0.56,-120.0,-30.0,225290.0,Low Rate,0.05
Outpatient,3600RB,616,4.0,0.65,-110.0,-27.5,215000.0,Low Rate,0.05
Outpatient,0501BG,991,6.0,0.61,-110.0,-18.33,237930.0,Low Rate,0.05
Outpatient,2301BR,715,3.0,0.42,-110.0,-36.67,204460.0,Low Rate,0.05
Outpatient,3900UC,596,3.0,0.5,-100.0,-33.33,184960.0,Low Rate,0.05
Outpatient,1402XA,661,4.0,0.61,-100.0,-25.0,198270.0,Low Rate,0.05
Outpatient,4506JT,559,5.0,0.89,-90.0,-18.0,193630.0,Low Rate,0.05
Outpatient,16006A,701,3.0,0.43,-90.0,-30.0,168880.0,Low Rate,0.05
Outpatient,15008B,652,2.0,0.31,-90.0,-45.0,194850.0,Low Rate,0.05
Outpatient,5200XT,518,2.0,0.39,-80.0,-40.0,155580.0,Low Rate,0.05
Outpatient,2400XD,587,3.0,0.51,-80.0,-26.67,165090.0,Low Rate,0.05
Outpatient,0507TP,391,2.0,0.51,-80.0,-40.0,159840.0,Low Rate,0.05
Outpatient,2600AP,546,2.0,0.37,-80.0,-40.0,153120.0,Low Rate,0.05
Outpatient,10008Q,546,3.0,0.55,-80.0,-26.67,156300.0,Low Rate,0.05
Outpatient,4935BG,419,2.0,0.48,-70.0,-35.0,131300.0,Low Rate,0.05
Outpatient,2400NA,634,2.0,0.32,-70.0,-35.0,146060.0,Low Rate,0.05
Outpatient,1430BB,464,2.0,0.43,-70.0,-35.0,148660.0,Low Rate,0.05
Outpatient,3400YP,514,2.0,0.39,-70.0,-35.0,148330.0,Low Rate,0.05
Outpatient,1801XM,458,1.0,0.22,-70.0,-70.0,138450.0,Low Rate,0.05
Outpatient,38008D,528,1.0,0.19,-60.0,-60.0,125370.0,Low Rate,0.05
Outpatient,5519BR,501,2.0,0.4,-60.0,-30.0,118000.0,Low Rate,0.05
Outpatient,3300VU,440,1.0,0.23,-60.0,-60.0,120170.0,Low Rate,0.05
Outpatient,1400HK,442,3.0,0.68,-60.0,-20.0,124940.0,Low Rate,0.05
Outpatient,5001MA,593,2.0,0.34,-60.0,-30.0,128170.0,Low Rate,0.05
Outpatient,3302SB,421,1.0,0.24,-60.0,-60.0,119990.0,Low Rate,0.05
Outpatient,2602CN,396,2.0,0.51,-50.0,-25.0,103120.0,Low Rate,0.05
Outpatient,3601RK,273,1.0,0.37,-50.0,-50.0,104310.0,Low Rate,0.05
Outpatient,4504RU,465,1.0,0.22,-50.0,-50.0,98470.0,Low Rate,0.05
Outpatient,3900TK,360,2.0,0.56,-50.0,-25.0,103690.0,Low Rate,0.05
Outpatient,3313JT,432,3.0,0.69,-50.0,-16.67,101690.0,Low Rate,0.05
Outpatient,2800KS,368,1.0,0.27,-50.0,-50.0,94860.0,Low Rate,0.05
Outpatient,34138G,311,2.0,0.64,-40.0,-20.0,87170.0,Low Rate,0.05
Outpatient,1834CR,372,2.0,0.54,-40.0,-20.0,79930.0,Low Rate,0.05
Outpatient,10008H,293,2.0,0.68,-40.0,-20.0,76430.0,Low Rate,0.05
Outpatient,3701ZN,267,1.0,0.37,-40.0,-40.0,82300.0,Low Rate,0.05
Outpatient,4901NK,297,1.0,0.34,-40.0,-40.0,88130.0,Low Rate,0.05
Outpatient,2500TM,264,1.0,0.38,-30.0,-30.0,60600.0,Low Rate,0.05
Outpatient,4400VG,297,2.0,0.67,-30.0,-15.0,60200.0,Low Rate,0.05
Outpatient,1825VQ,251,1.0,0.4,-30.0,-30.0,64840.0,Low Rate,0.05
Outpatient,5013PD,266,1.0,0.38,-30.0,-30.0,55820.0,Low Rate,0.05
Outpatient,2201WJ,205,2.0,0.98,-30.0,-15.0,55000.0,Low Rate,0.05
Outpatient,4501NM,218,1.0,0.46,-30.0,-30.0,63000.0,Low Rate,0.05
Outpatient,3100HS,226,1.0,0.44,-30.0,-30.0,55680.0,Low Rate,0.05
Outpatient,5100BQ,221,1.0,0.45,-30.0,-30.0,54590.0,Low Rate,0.05
Outpatient,0526YC,191,2.0,1.05,-30.0,-15.0,61570.0,Low Rate,0.05
Outpatient,3700BN,294,1.0,0.34,-30.0,-30.0,58950.0,Low Rate,0.05
Outpatient,2400HJ,127,1.0,0.79,-20.0,-20.0,39890.0,Low Rate,0.05
Outpatient,4238PT,97,1.0,1.03,-20.0,-20.0,41540.0,Low Rate,0.05
Outpatient,34006R,186,1.0,0.54,-20.0,-20.0,43430.0,Low Rate,0.05
Outpatient,4400ND,162,1.0,0.62,-20.0,-20.0,37130.0,Low Rate,0.05
Outpatient,2200MT,202,1.0,0.5,-20.0,-20.0,42800.0,Low Rate,0.05
Outpatient,31006S,146,2.0,1.37,-20.0,-10.0,42690.0,Low Rate,0.05
Outpatient,0301AU,141,1.0,0.71,-20.0,-20.0,38610.0,Low Rate,0.05
Outpatient,1800PD,195,1.0,0.51,-20.0,-20.0,40540.0,Low Rate,0.05
Outpatient,3301YD,170,1.0,0.59,-20.0,-20.0,43870.0,Low Rate,0.05
Outpatient,1413AP,173,2.0,1.16,-20.0,-10.0,39780.0,Low Rate,0.05
Outpatient,3500VG,129,1.0,0.78,-20.0,-20.0,43720.0,Low Rate,0.05
Outpatient,1501UR,92,1.0,1.09,-20.0,-20.0,36560.0,Low Rate,0.05
Outpatient,4900UA,136,1.0,0.74,-20.0,-20.0,41750.0,Low Rate,0.05
Outpatient,5100TM,99,1.0,1.01,-10.0,-10.0,18440.0,Low Rate,0.05
Outpatient,1025ZK,40,1.0,2.5,-10.0,-10.0,21020.0,Low Rate,0.05
Outpatient,1925UK,76,1.0,1.32,-10.0,-10.0,22180.0,Low Rate,0.05
Outpatient,2200AH,44,1.0,2.27,-10.0,-10.0,18640.0,Low Rate,0.05
Outpatient,5023RT,102,1.0,0.98,-10.0,-10.0,21140.0,Low Rate,0.05
Outpatient,4530UC,45,1.0,2.22,-10.0,-10.0,19000.0,Low Rate,0.05
Outpatient,1000QQ,91,1.0,1.1,-10.0,-10.0,20570.0,Low Rate,0.05
Outpatient,2413HV,62,1.0,1.61,-10.0,-10.0,21020.0,Low Rate,0.05
Outpatient,5013UT,85,1.0,1.18,-10.0,-10.0,19250.0,Low Rate,0.05
Outpatient,3601MN,42,1.0,2.38,-10.0,-10.0,18410.0,Low Rate,0.05
Outpatient,3939TC,64,1.0,1.56,-10.0,-10.0,18410.0,Low Rate,0.05
Outpatient,1800SJ,68,1.0,1.47,-10.0,-10.0,21950.0,Low Rate,0.05
Outpatient,1713GQ,60,1.0,1.67,-10.0,-10.0,18720.0,Low Rate,0.05
Outpatient,0504JP,42,1.0,2.38,-10.0,-10.0,20260.0,Low Rate,0.05
Outpatient,1701AA,78,1.0,1.28,-10.0,-10.0,19210.0,Low Rate,0.05
Outpatient,3400ZQ,3870,18.0,0.47,-510.0,-28.33,1157150.0,Low Rate,0.04
Outpatient,3302QH,2942,12.0,0.41,-400.0,-33.33,895720.0,Low Rate,0.04
Inpatient,3400RD,101,1.0,0.99,-400.0,-400.0,948600.0,Low Rate,0.04
Outpatient,1000GD,2753,9.0,0.33,-300.0,-33.33,766790.0,Low Rate,0.04
Outpatient,1401XB,2480,8.0,0.32,-260.0,-32.5,700510.0,Low Rate,0.04
Outpatient,3301DD,1989,7.0,0.35,-250.0,-35.71,577310.0,Low Rate,0.04
Outpatient,1401ZT,1722,7.0,0.41,-240.0,-34.29,553960.0,Low Rate,0.04
Outpatient,3301UP,2191,5.0,0.23,-230.0,-46.0,632080.0,Low Rate,0.04
Outpatient,4504KP,2140,8.0,0.37,-210.0,-26.25,559810.0,Low Rate,0.04
Outpatient,2400JM,1837,8.0,0.44,-210.0,-26.25,520620.0,Low Rate,0.04
Outpatient,3101KN,1753,5.0,0.29,-210.0,-42.0,543310.0,Low Rate,0.04
Outpatient,0400AC,1805,7.0,0.39,-190.0,-27.14,473560.0,Low Rate,0.04
Outpatient,4400MM,1699,5.0,0.29,-190.0,-38.0,480740.0,Low Rate,0.04
Outpatient,1001WM,1381,3.0,0.22,-150.0,-50.0,386740.0,Low Rate,0.04
Outpatient,4501GM,1023,2.0,0.2,-140.0,-70.0,322700.0,Low Rate,0.04
Outpatient,3700GR,964,3.0,0.31,-120.0,-40.0,310840.0,Low Rate,0.04
Outpatient,3130ZG,1246,5.0,0.4,-120.0,-24.0,342160.0,Low Rate,0.04
Outpatient,1100SB,1092,3.0,0.27,-110.0,-36.67,266530.0,Low Rate,0.04
Outpatient,3100KV,981,3.0,0.31,-110.0,-36.67,269460.0,Low Rate,0.04
Outpatient,2100NA,897,3.0,0.33,-100.0,-33.33,231240.0,Low Rate,0.04
Outpatient,1402NT,922,4.0,0.43,-100.0,-25.0,260550.0,Low Rate,0.04
Outpatient,5000YH,1070,5.0,0.47,-100.0,-20.0,279660.0,Low Rate,0.04
Outpatient,1500KD,780,4.0,0.51,-100.0,-25.0,243910.0,Low Rate,0.04
Outpatient,34006B,726,2.0,0.28,-90.0,-45.0,221830.0,Low Rate,0.04
Outpatient,3902UU,785,4.0,0.51,-90.0,-22.5,225090.0,Low Rate,0.04
Outpatient,1001MH,530,1.0,0.19,-70.0,-70.0,156350.0,Low Rate,0.04
Outpatient,5001WN,633,2.0,0.32,-70.0,-35.0,171430.0,Low Rate,0.04
Outpatient,3900UM,677,2.0,0.3,-70.0,-35.0,197460.0,Low Rate,0.04
Outpatient,0401KM,548,2.0,0.36,-70.0,-35.0,158310.0,Low Rate,0.04
Inpatient,4513VB,23,1.0,4.35,-70.0,-70.0,194930.0,Low Rate,0.04
Outpatient,0400XG,682,2.0,0.29,-70.0,-35.0,169920.0,Low Rate,0.04
Outpatient,0600PR,522,2.0,0.38,-70.0,-35.0,168880.0,Low Rate,0.04
Outpatient,4400VV,741,2.0,0.27,-70.0,-35.0,189990.0,Low Rate,0.04
Outpatient,3602MK,735,3.0,0.41,-70.0,-23.33,199730.0,Low Rate,0.04
Outpatient,1400GR,606,1.0,0.17,-70.0,-70.0,166910.0,Low Rate,0.04
Outpatient,1100YK,516,2.0,0.39,-60.0,-30.0,156610.0,Low Rate,0.04
Outpatient,4900NH,514,2.0,0.39,-60.0,-30.0,146870.0,Low Rate,0.04
Outpatient,4506MP,598,1.0,0.17,-60.0,-60.0,155830.0,Low Rate,0.04
Outpatient,0300GG,402,2.0,0.5,-60.0,-30.0,137790.0,Low Rate,0.04
Outpatient,1401GN,560,1.0,0.18,-60.0,-60.0,141330.0,Low Rate,0.04
Outpatient,1401RR,443,2.0,0.45,-60.0,-30.0,144150.0,Low Rate,0.04
Outpatient,0504VD,538,1.0,0.19,-60.0,-60.0,148700.0,Low Rate,0.04
Outpatient,1900RS,513,1.0,0.19,-60.0,-60.0,161510.0,Low Rate,0.04
Outpatient,03008J,527,1.0,0.19,-60.0,-60.0,147510.0,Low Rate,0.04
Outpatient,0100PH,509,2.0,0.39,-60.0,-30.0,143500.0,Low Rate,0.04
Outpatient,2200YC,522,3.0,0.57,-60.0,-20.0,146070.0,Low Rate,0.04
Outpatient,1000AQ,618,3.0,0.49,-60.0,-20.0,159150.0,Low Rate,0.04
Outpatient,4901AD,529,2.0,0.38,-60.0,-30.0,150490.0,Low Rate,0.04
Outpatient,5100YK,410,3.0,0.73,-50.0,-16.67,127160.0,Low Rate,0.04
Outpatient,3600AQ,291,1.0,0.34,-50.0,-50.0,114870.0,Low Rate,0.04
Outpatient,49008S,345,3.0,0.87,-50.0,-16.67,140090.0,Low Rate,0.04
Outpatient,2500BH,517,2.0,0.39,-50.0,-25.0,132810.0,Low Rate,0.04
Outpatient,4600VB,493,1.0,0.2,-40.0,-40.0,113100.0,Low Rate,0.04
Outpatient,2100YG,426,2.0,0.47,-40.0,-20.0,106170.0,Low Rate,0.04
Outpatient,3901MS,244,2.0,0.82,-40.0,-20.0,107930.0,Low Rate,0.04
Outpatient,5000KV,442,3.0,0.68,-40.0,-13.33,101310.0,Low Rate,0.04
Outpatient,3901PD,351,3.0,0.85,-40.0,-13.33,98370.0,Low Rate,0.04
Outpatient,14016U,393,2.0,0.51,-40.0,-20.0,112910.0,Low Rate,0.04
Outpatient,3702KD,336,2.0,0.6,-40.0,-20.0,89560.0,Low Rate,0.04
Outpatient,3400RU,319,1.0,0.31,-40.0,-40.0,90410.0,Low Rate,0.04
Outpatient,4900GV,315,1.0,0.32,-40.0,-40.0,99730.0,Low Rate,0.04
Outpatient,4501PN,273,1.0,0.37,-30.0,-30.0,71780.0,Low Rate,0.04
Outpatient,2600DC,244,1.0,0.41,-30.0,-30.0,76200.0,Low Rate,0.04
Outpatient,1901SV,206,1.0,0.49,-30.0,-30.0,71790.0,Low Rate,0.04
Outpatient,04018J,301,1.0,0.33,-30.0,-30.0,72070.0,Low Rate,0.04
Outpatient,0100GU,215,1.0,0.47,-30.0,-30.0,68040.0,Low Rate,0.04
Outpatient,46008K,308,2.0,0.65,-30.0,-15.0,83810.0,Low Rate,0.04
Outpatient,1026PS,285,2.0,0.7,-30.0,-15.0,73120.0,Low Rate,0.04
Outpatient,2100BM,266,2.0,0.75,-30.0,-15.0,81670.0,Low Rate,0.04
Outpatient,1100HN,212,2.0,0.94,-20.0,-10.0,48020.0,Low Rate,0.04
Outpatient,18008U,224,1.0,0.45,-20.0,-20.0,54920.0,Low Rate,0.04
Outpatient,4900PJ,223,1.0,0.45,-20.0,-20.0,52130.0,Low Rate,0.04
Outpatient,1401GD,216,1.0,0.46,-20.0,-20.0,54660.0,Low Rate,0.04
Outpatient,0400VC,197,1.0,0.51,-20.0,-20.0,54820.0,Low Rate,0.04
Outpatient,2302XD,196,1.0,0.51,-20.0,-20.0,54550.0,Low Rate,0.04
Outpatient,3939PG,165,1.0,0.61,-20.0,-20.0,53270.0,Low Rate,0.04
Outpatient,3918DC,206,1.0,0.49,-20.0,-20.0,52740.0,Low Rate,0.04
Outpatient,1001RN,159,1.0,0.63,-20.0,-20.0,55390.0,Low Rate,0.04
Outpatient,0600QS,156,2.0,1.28,-20.0,-10.0,47970.0,Low Rate,0.04
Outpatient,05008C,173,2.0,1.16,-20.0,-10.0,56770.0,Low Rate,0.04
Outpatient,2200PP,214,1.0,0.47,-20.0,-20.0,57090.0,Low Rate,0.04
Outpatient,0101YC,252,1.0,0.4,-20.0,-20.0,54560.0,Low Rate,0.04
Outpatient,15008R,169,1.0,0.59,-20.0,-20.0,47440.0,Low Rate,0.04
Outpatient,1000JJ,210,1.0,0.48,-20.0,-20.0,49410.0,Low Rate,0.04
Outpatient,0505TB,105,1.0,0.95,-10.0,-10.0,25610.0,Low Rate,0.04
Outpatient,1001JD,58,1.0,1.72,-10.0,-10.0,23300.0,Low Rate,0.04
Outpatient,1713YU,104,1.0,0.96,-10.0,-10.0,22850.0,Low Rate,0.04
Outpatient,3323PB,102,1.0,0.98,-10.0,-10.0,28210.0,Low Rate,0.04
Outpatient,4505MS,99,1.0,1.01,-10.0,-10.0,24940.0,Low Rate,0.04
Outpatient,1101BN,97,1.0,1.03,-10.0,-10.0,26040.0,Low Rate,0.04
Outpatient,1501AC,97,1.0,1.03,-10.0,-10.0,27380.0,Low Rate,0.04
Outpatient,1865MQ,94,1.0,1.06,-10.0,-10.0,24230.0,Low Rate,0.04
Outpatient,1738KH,123,1.0,0.81,-10.0,-10.0,27630.0,Low Rate,0.04
Outpatient,2330MM,114,1.0,0.88,-10.0,-10.0,25550.0,Low Rate,0.04
Outpatient,1500ZV,92,1.0,1.09,-10.0,-10.0,23980.0,Low Rate,0.04
Outpatient,3418AK,92,1.0,1.09,-10.0,-10.0,27970.0,Low Rate,0.04
Outpatient,3400WM,119,1.0,0.84,-10.0,-10.0,22770.0,Low Rate,0.04
Outpatient,2601MN,126,1.0,0.79,-10.0,-10.0,27650.0,Low Rate,0.04
Outpatient,0100WB,78,1.0,1.28,-10.0,-10.0,25070.0,Low Rate,0.04
Outpatient,2313TD,128,1.0,0.78,-10.0,-10.0,23890.0,Low Rate,0.04
Outpatient,1800QU,77,1.0,1.3,-10.0,-10.0,23700.0,Low Rate,0.04
Outpatient,3301PQ,75,1.0,1.33,-10.0,-10.0,26180.0,Low Rate,0.04
Outpatient,1002UN,72,1.0,1.39,-10.0,-10.0,23540.0,Low Rate,0.04
Outpatient,1800HT,155,1.0,0.65,-10.0,-10.0,26520.0,Low Rate,0.04
Outpatient,4901KQ,65,1.0,1.54,-10.0,-10.0,27500.0,Low Rate,0.04
Outpatient,0505QU,61,1.0,1.64,-10.0,-10.0,24130.0,Low Rate,0.04
Outpatient,1027PK,51,1.0,1.96,-10.0,-10.0,22490.0,Low Rate,0.04
Outpatient,2013NQ,110,1.0,0.91,-10.0,-10.0,26340.0,Low Rate,0.04
Outpatient,04008M,106,1.0,0.94,-10.0,-10.0,26550.0,Low Rate,0.04
Inpatient,1401RR,431,2.0,0.46,-1020.0,-510.0,3859280.0,Low Rate,0.03
Outpatient,0502NA,9906,28.0,0.28,-780.0,-27.86,2892110.0,Low Rate,0.03
Outpatient,2201DT,6084,18.0,0.3,-580.0,-32.22,1774980.0,Low Rate,0.03
Outpatient,0505TK,5755,21.0,0.36,-500.0,-23.81,1741690.0,Low Rate,0.03
Outpatient,1700JJ,3632,13.0,0.36,-330.0,-25.38,996660.0,Low Rate,0.03
Outpatient,3300KJ,3951,9.0,0.23,-330.0,-36.67,1175830.0,Low Rate,0.03
Inpatient,3200ZG,115,1.0,0.87,-300.0,-300.0,1032100.0,Low Rate,0.03
Outpatient,3902NU,3466,9.0,0.26,-290.0,-32.22,874080.0,Low Rate,0.03
Outpatient,4600BC,2528,7.0,0.28,-240.0,-34.29,880960.0,Low Rate,0.03
Outpatient,0500DH,2816,7.0,0.25,-210.0,-30.0,794980.0,Low Rate,0.03
Inpatient,1000NG,64,1.0,1.56,-200.0,-200.0,618500.0,Low Rate,0.03
Inpatient,1400DQ,70,1.0,1.43,-200.0,-200.0,652830.0,Low Rate,0.03
Outpatient,4503XA,2151,7.0,0.33,-200.0,-28.57,595770.0,Low Rate,0.03
Inpatient,2801QQ,62,1.0,1.61,-200.0,-200.0,727000.0,Low Rate,0.03
Outpatient,06006A,2154,6.0,0.28,-180.0,-30.0,608000.0,Low Rate,0.03
Outpatient,3100JN,2086,6.0,0.29,-180.0,-30.0,604810.0,Low Rate,0.03
Outpatient,3200GV,2142,5.0,0.23,-170.0,-34.0,603430.0,Low Rate,0.03
Outpatient,4900CD,2002,5.0,0.25,-170.0,-34.0,579760.0,Low Rate,0.03
Outpatient,0505QG,2114,6.0,0.28,-170.0,-28.33,572450.0,Low Rate,0.03
Outpatient,3900MK,1777,3.0,0.17,-150.0,-50.0,529600.0,Low Rate,0.03
Outpatient,22008H,1503,8.0,0.53,-140.0,-17.5,471670.0,Low Rate,0.03
Outpatient,4500HR,1225,5.0,0.41,-140.0,-28.0,404340.0,Low Rate,0.03
Outpatient,3100PS,1787,6.0,0.34,-140.0,-23.33,442270.0,Low Rate,0.03
Outpatient,1600GH,1569,5.0,0.32,-140.0,-28.0,525310.0,Low Rate,0.03
Outpatient,4900NA,1519,6.0,0.39,-130.0,-21.67,401260.0,Low Rate,0.03
Outpatient,4500CN,1405,3.0,0.21,-120.0,-40.0,408090.0,Low Rate,0.03
Outpatient,5000WD,1099,3.0,0.27,-120.0,-40.0,356310.0,Low Rate,0.03
Outpatient,4200QK,1230,4.0,0.33,-120.0,-30.0,459980.0,Low Rate,0.03
Outpatient,2600BA,1271,4.0,0.31,-110.0,-27.5,420540.0,Low Rate,0.03
Outpatient,2800HP,1102,5.0,0.45,-110.0,-22.0,354880.0,Low Rate,0.03
Outpatient,0900SU,1402,4.0,0.29,-110.0,-27.5,364770.0,Low Rate,0.03
Outpatient,1001QC,1382,3.0,0.22,-100.0,-33.33,361380.0,Low Rate,0.03
Outpatient,3901XH,962,3.0,0.31,-100.0,-33.33,346080.0,Low Rate,0.03
Outpatient,3600VQ,1423,4.0,0.28,-100.0,-25.0,393750.0,Low Rate,0.03
Outpatient,1402SB,935,2.0,0.21,-100.0,-50.0,305990.0,Low Rate,0.03
Outpatient,4201CB,1204,3.0,0.25,-100.0,-33.33,295400.0,Low Rate,0.03
Outpatient,1402HU,893,2.0,0.22,-80.0,-40.0,242430.0,Low Rate,0.03
Outpatient,44016G,687,2.0,0.29,-80.0,-40.0,255490.0,Low Rate,0.03
Outpatient,6700RG,1014,2.0,0.2,-80.0,-40.0,279020.0,Low Rate,0.03
Outpatient,0503WB,1115,2.0,0.18,-80.0,-40.0,283960.0,Low Rate,0.03
Outpatient,3900AD,736,2.0,0.27,-70.0,-35.0,231270.0,Low Rate,0.03
Outpatient,1001CG,1044,3.0,0.29,-70.0,-23.33,266410.0,Low Rate,0.03
Outpatient,3601DT,720,2.0,0.28,-70.0,-35.0,240300.0,Low Rate,0.03
Outpatient,3900XQ,879,3.0,0.34,-70.0,-23.33,227230.0,Low Rate,0.03
Outpatient,1501MQ,768,4.0,0.52,-60.0,-15.0,222560.0,Low Rate,0.03
Outpatient,2200JA,688,2.0,0.29,-60.0,-30.0,182910.0,Low Rate,0.03
Outpatient,42006A,542,2.0,0.37,-60.0,-30.0,179890.0,Low Rate,0.03
Outpatient,3601NG,446,1.0,0.22,-60.0,-60.0,175960.0,Low Rate,0.03
Outpatient,3401XC,522,1.0,0.19,-60.0,-60.0,176670.0,Low Rate,0.03
Outpatient,3600PQ,454,3.0,0.66,-60.0,-20.0,190070.0,Low Rate,0.03
Outpatient,11006N,749,1.0,0.13,-60.0,-60.0,181880.0,Low Rate,0.03
Outpatient,2302RT,807,2.0,0.25,-60.0,-30.0,199080.0,Low Rate,0.03
Outpatient,4700HR,661,4.0,0.61,-60.0,-15.0,182670.0,Low Rate,0.03
Outpatient,3901BV,878,2.0,0.23,-60.0,-30.0,239300.0,Low Rate,0.03
Outpatient,1500WB,540,3.0,0.56,-50.0,-16.67,167760.0,Low Rate,0.03
Outpatient,2302TV,693,4.0,0.58,-50.0,-12.5,185760.0,Low Rate,0.03
Outpatient,0501NB,736,2.0,0.27,-50.0,-25.0,191280.0,Low Rate,0.03
Outpatient,1401DM,362,2.0,0.55,-50.0,-25.0,161070.0,Low Rate,0.03
Outpatient,4501BH,234,1.0,0.43,-40.0,-40.0,120400.0,Low Rate,0.03
Outpatient,3901AU,501,1.0,0.2,-40.0,-40.0,142960.0,Low Rate,0.03
Outpatient,03018G,496,2.0,0.4,-40.0,-20.0,159060.0,Low Rate,0.03
Outpatient,5000GR,484,2.0,0.41,-40.0,-20.0,120910.0,Low Rate,0.03
Outpatient,33036V,328,2.0,0.61,-40.0,-20.0,115400.0,Low Rate,0.03
Outpatient,0138RQ,364,1.0,0.27,-40.0,-40.0,132980.0,Low Rate,0.03
Outpatient,3302YS,315,1.0,0.32,-30.0,-30.0,86210.0,Low Rate,0.03
Outpatient,5000MQ,314,1.0,0.32,-30.0,-30.0,89380.0,Low Rate,0.03
Outpatient,4506UA,390,2.0,0.51,-30.0,-15.0,102240.0,Low Rate,0.03
Outpatient,0504RV,507,1.0,0.2,-30.0,-30.0,119610.0,Low Rate,0.03
Outpatient,3601ST,407,2.0,0.49,-30.0,-15.0,110810.0,Low Rate,0.03
Outpatient,3413YB,272,1.0,0.37,-30.0,-30.0,101250.0,Low Rate,0.03
Outpatient,2601TU,343,2.0,0.58,-30.0,-15.0,94100.0,Low Rate,0.03
Outpatient,0500GJ,279,1.0,0.36,-30.0,-30.0,90240.0,Low Rate,0.03
Outpatient,1100WV,421,2.0,0.48,-30.0,-15.0,107010.0,Low Rate,0.03
Outpatient,1100DK,215,1.0,0.47,-30.0,-30.0,101640.0,Low Rate,0.03
Outpatient,4200BS,285,1.0,0.35,-20.0,-20.0,69850.0,Low Rate,0.03
Outpatient,0600GH,206,2.0,0.97,-20.0,-10.0,76750.0,Low Rate,0.03
Outpatient,38006S,257,1.0,0.39,-20.0,-20.0,62450.0,Low Rate,0.03
Outpatient,1500SD,202,1.0,0.5,-20.0,-20.0,57230.0,Low Rate,0.03
Outpatient,0300VH,229,1.0,0.44,-20.0,-20.0,69680.0,Low Rate,0.03
Outpatient,1000PP,239,1.0,0.42,-20.0,-20.0,68850.0,Low Rate,0.03
Outpatient,1000KK,235,1.0,0.43,-20.0,-20.0,69020.0,Low Rate,0.03
Outpatient,2301CS,278,1.0,0.36,-20.0,-20.0,66890.0,Low Rate,0.03
Outpatient,0504UC,310,1.0,0.32,-20.0,-20.0,75450.0,Low Rate,0.03
Outpatient,1538TJ,168,2.0,1.19,-20.0,-10.0,72720.0,Low Rate,0.03
Outpatient,1100GT,260,1.0,0.38,-20.0,-20.0,69980.0,Low Rate,0.03
Outpatient,0300YT,314,1.0,0.32,-20.0,-20.0,75350.0,Low Rate,0.03
Outpatient,4502AN,256,1.0,0.39,-20.0,-20.0,72940.0,Low Rate,0.03
Outpatient,4413GM,222,1.0,0.45,-20.0,-20.0,67610.0,Low Rate,0.03
Outpatient,3100CG,223,1.0,0.45,-20.0,-20.0,62310.0,Low Rate,0.03
Outpatient,2600HG,221,2.0,0.9,-20.0,-10.0,75690.0,Low Rate,0.03
Outpatient,2602YG,222,2.0,0.9,-20.0,-10.0,59220.0,Low Rate,0.03
Outpatient,4300XN,166,1.0,0.6,-20.0,-20.0,76290.0,Low Rate,0.03
Outpatient,23188P,186,1.0,0.54,-20.0,-20.0,59190.0,Low Rate,0.03
Outpatient,1001RD,99,1.0,1.01,-10.0,-10.0,28750.0,Low Rate,0.03
Outpatient,06008K,106,1.0,0.94,-10.0,-10.0,29180.0,Low Rate,0.03
Outpatient,3902SC,154,1.0,0.65,-10.0,-10.0,35190.0,Low Rate,0.03
Outpatient,12006M,130,1.0,0.77,-10.0,-10.0,29240.0,Low Rate,0.03
Outpatient,4513DG,112,1.0,0.89,-10.0,-10.0,30180.0,Low Rate,0.03
Outpatient,1800AD,217,1.0,0.46,-10.0,-10.0,39660.0,Low Rate,0.03
Outpatient,1902ZJ,186,1.0,0.54,-10.0,-10.0,37870.0,Low Rate,0.03
Outpatient,1000ZT,189,1.0,0.53,-10.0,-10.0,39800.0,Low Rate,0.03
Outpatient,3313PB,114,1.0,0.88,-10.0,-10.0,31930.0,Low Rate,0.03
Outpatient,1200WG,99,1.0,1.01,-10.0,-10.0,38220.0,Low Rate,0.03
Outpatient,1001MV,115,1.0,0.87,-10.0,-10.0,29160.0,Low Rate,0.03
Outpatient,2800BJ,78,1.0,1.28,-10.0,-10.0,28710.0,Low Rate,0.03
Outpatient,4700DP,172,1.0,0.58,-10.0,-10.0,38800.0,Low Rate,0.03
Outpatient,05016S,90,1.0,1.11,-10.0,-10.0,29470.0,Low Rate,0.03
Outpatient,52136A,144,1.0,0.69,-10.0,-10.0,29890.0,Low Rate,0.03
Outpatient,0413NB,69,1.0,1.45,-10.0,-10.0,28910.0,Low Rate,0.03
Outpatient,04VXKQ,176,1.0,0.57,-10.0,-10.0,37800.0,Low Rate,0.03
Outpatient,1401HP,101,1.0,0.99,-10.0,-10.0,32900.0,Low Rate,0.03
Outpatient,4413DK,109,1.0,0.92,-10.0,-10.0,32490.0,Low Rate,0.03
Outpatient,45066A,100,1.0,1.0,-10.0,-10.0,31660.0,Low Rate,0.03
Inpatient,1501ZA,217,1.0,0.46,-400.0,-400.0,2044800.0,Low Rate,0.02
Inpatient,2100NQ,206,1.0,0.49,-300.0,-300.0,1874000.0,Low Rate,0.02
Inpatient,0502KN,144,1.0,0.69,-300.0,-300.0,1386190.0,Low Rate,0.02
Outpatient,2301GU,4421,8.0,0.18,-280.0,-35.0,1269740.0,Low Rate,0.02
Outpatient,0500RN,2551,10.0,0.39,-210.0,-21.0,847960.0,Low Rate,0.02
Outpatient,10018S,3582,6.0,0.17,-200.0,-33.33,1001380.0,Low Rate,0.02
Inpatient,0501RV,136,1.0,0.74,-200.0,-200.0,1235500.0,Low Rate,0.02
Outpatient,3600WB,3502,7.0,0.2,-180.0,-25.71,922140.0,Low Rate,0.02
Outpatient,1000KS,2367,3.0,0.13,-160.0,-53.33,732330.0,Low Rate,0.02
Outpatient,0501WN,1972,5.0,0.25,-140.0,-28.0,608080.0,Low Rate,0.02
Outpatient,3100XU,2330,6.0,0.26,-130.0,-21.67,652650.0,Low Rate,0.02
Outpatient,1000WA,1827,3.0,0.16,-120.0,-40.0,487460.0,Low Rate,0.02
Outpatient,3303NG,2468,7.0,0.28,-120.0,-17.14,679780.0,Low Rate,0.02
Outpatient,3100ZR,1995,4.0,0.2,-120.0,-30.0,544200.0,Low Rate,0.02
Outpatient,0700JJ,2257,4.0,0.18,-120.0,-30.0,576120.0,Low Rate,0.02
Outpatient,5000CG,2778,5.0,0.18,-120.0,-24.0,729920.0,Low Rate,0.02
Outpatient,3301CM,1610,4.0,0.25,-100.0,-25.0,444530.0,Low Rate,0.02
Outpatient,4900XD,1420,4.0,0.28,-100.0,-25.0,494500.0,Low Rate,0.02
Inpatient,2100YG,83,1.0,1.2,-100.0,-100.0,595900.0,Low Rate,0.02
Inpatient,0301BV,48,1.0,2.08,-100.0,-100.0,576900.0,Low Rate,0.02
Outpatient,4400YC,1606,6.0,0.37,-90.0,-15.0,442070.0,Low Rate,0.02
Outpatient,1000AH,1788,4.0,0.22,-90.0,-22.5,466010.0,Low Rate,0.02
Outpatient,50006K,769,2.0,0.26,-80.0,-40.0,335720.0,Low Rate,0.02
Outpatient,3901NT,1654,3.0,0.18,-80.0,-26.67,509430.0,Low Rate,0.02
Outpatient,4200ZV,1295,4.0,0.31,-80.0,-20.0,334780.0,Low Rate,0.02
Outpatient,1500WS,1189,3.0,0.25,-80.0,-26.67,408460.0,Low Rate,0.02
Outpatient,1000YC,961,2.0,0.21,-70.0,-35.0,319170.0,Low Rate,0.02
Outpatient,3000NJ,1023,3.0,0.29,-70.0,-23.33,296140.0,Low Rate,0.02
Outpatient,1501HK,825,1.0,0.12,-60.0,-60.0,324570.0,Low Rate,0.02
Outpatient,2100DP,1007,1.0,0.1,-60.0,-60.0,339170.0,Low Rate,0.02
Outpatient,1900AJ,1228,1.0,0.08,-60.0,-60.0,372340.0,Low Rate,0.02
Outpatient,1600ZV,844,2.0,0.24,-60.0,-30.0,250480.0,Low Rate,0.02
Outpatient,03138D,852,3.0,0.35,-60.0,-20.0,259390.0,Low Rate,0.02
Outpatient,1000PV,937,3.0,0.32,-50.0,-16.67,300210.0,Low Rate,0.02
Outpatient,2100MP,681,2.0,0.29,-50.0,-25.0,212930.0,Low Rate,0.02
Outpatient,3100NR,928,1.0,0.11,-50.0,-50.0,307120.0,Low Rate,0.02
Outpatient,3100YQ,658,2.0,0.3,-50.0,-25.0,243910.0,Low Rate,0.02
Outpatient,3601KC,1011,3.0,0.3,-50.0,-16.67,264280.0,Low Rate,0.02
Outpatient,3633MH,727,2.0,0.28,-50.0,-25.0,210110.0,Low Rate,0.02
Outpatient,3100UB,1109,3.0,0.27,-50.0,-16.67,245920.0,Low Rate,0.02
Outpatient,2401PN,970,2.0,0.21,-40.0,-20.0,222800.0,Low Rate,0.02
Outpatient,4901PM,700,1.0,0.14,-40.0,-40.0,164070.0,Low Rate,0.02
Outpatient,4200CT,689,1.0,0.15,-40.0,-40.0,201030.0,Low Rate,0.02
Outpatient,4400SB,586,2.0,0.34,-40.0,-20.0,207730.0,Low Rate,0.02
Outpatient,3601NP,647,2.0,0.31,-40.0,-20.0,236400.0,Low Rate,0.02
Outpatient,5000BN,859,3.0,0.35,-40.0,-13.33,228610.0,Low Rate,0.02
Outpatient,3901WV,295,2.0,0.68,-30.0,-15.0,121650.0,Low Rate,0.02
Outpatient,0313RP,663,1.0,0.15,-30.0,-30.0,196460.0,Low Rate,0.02
Outpatient,2400DP,485,1.0,0.21,-30.0,-30.0,155990.0,Low Rate,0.02
Outpatient,1600CD,603,2.0,0.33,-30.0,-15.0,155010.0,Low Rate,0.02
Outpatient,1100PN,332,2.0,0.6,-30.0,-15.0,125740.0,Low Rate,0.02
Outpatient,3413NM,415,1.0,0.24,-30.0,-30.0,125700.0,Low Rate,0.02
Outpatient,3901YJ,472,2.0,0.42,-30.0,-15.0,128510.0,Low Rate,0.02
Outpatient,3301MU,443,1.0,0.23,-30.0,-30.0,136650.0,Low Rate,0.02
Outpatient,14026D,544,1.0,0.18,-30.0,-30.0,158520.0,Low Rate,0.02
Outpatient,1400KP,568,2.0,0.35,-30.0,-15.0,199030.0,Low Rate,0.02
Outpatient,1100HD,610,1.0,0.16,-30.0,-30.0,161390.0,Low Rate,0.02
Outpatient,3930SM,576,1.0,0.17,-30.0,-30.0,149210.0,Low Rate,0.02
Outpatient,3302TM,605,1.0,0.17,-30.0,-30.0,122370.0,Low Rate,0.02
Outpatient,35006N,593,1.0,0.17,-30.0,-30.0,157090.0,Low Rate,0.02
Outpatient,1800TK,407,2.0,0.49,-20.0,-10.0,105250.0,Low Rate,0.02
Outpatient,3800AD,430,1.0,0.23,-20.0,-20.0,92600.0,Low Rate,0.02
Outpatient,2302QS,477,2.0,0.42,-20.0,-10.0,133170.0,Low Rate,0.02
Outpatient,2000SK,256,1.0,0.39,-20.0,-20.0,95450.0,Low Rate,0.02
Outpatient,0700QA,463,1.0,0.22,-20.0,-20.0,113710.0,Low Rate,0.02
Outpatient,0500ZJ,492,2.0,0.41,-20.0,-10.0,122240.0,Low Rate,0.02
Outpatient,4506DP,267,2.0,0.75,-20.0,-10.0,87440.0,Low Rate,0.02
Outpatient,3900KA,482,1.0,0.21,-20.0,-20.0,114880.0,Low Rate,0.02
Outpatient,3302BA,268,1.0,0.37,-20.0,-20.0,84700.0,Low Rate,0.02
Outpatient,3013TB,480,1.0,0.21,-20.0,-20.0,119160.0,Low Rate,0.02
Outpatient,45018G,328,1.0,0.3,-20.0,-20.0,92430.0,Low Rate,0.02
Outpatient,0101AV,278,1.0,0.36,-20.0,-20.0,95210.0,Low Rate,0.02
Outpatient,30008C,330,1.0,0.3,-20.0,-20.0,100760.0,Low Rate,0.02
Outpatient,3913VS,289,1.0,0.35,-20.0,-20.0,120060.0,Low Rate,0.02
Outpatient,45088A,372,1.0,0.27,-20.0,-20.0,120040.0,Low Rate,0.02
Outpatient,4400SS,332,1.0,0.3,-20.0,-20.0,96440.0,Low Rate,0.02
Outpatient,33008G,252,1.0,0.4,-20.0,-20.0,81870.0,Low Rate,0.02
Outpatient,3900SA,244,1.0,0.41,-20.0,-20.0,86200.0,Low Rate,0.02
Outpatient,4900HA,232,1.0,0.43,-10.0,-10.0,65080.0,Low Rate,0.02
Outpatient,2300KS,221,1.0,0.45,-10.0,-10.0,61880.0,Low Rate,0.02
Outpatient,2402QR,199,1.0,0.5,-10.0,-10.0,43720.0,Low Rate,0.02
Outpatient,2801HG,191,1.0,0.52,-10.0,-10.0,54190.0,Low Rate,0.02
Outpatient,1300DP,193,1.0,0.52,-10.0,-10.0,49440.0,Low Rate,0.02
Outpatient,3302MC,190,1.0,0.53,-10.0,-10.0,40100.0,Low Rate,0.02
Outpatient,2500XJ,187,1.0,0.53,-10.0,-10.0,49790.0,Low Rate,0.02
Outpatient,0900TV,184,1.0,0.54,-10.0,-10.0,65560.0,Low Rate,0.02
Outpatient,3302ZM,183,1.0,0.55,-10.0,-10.0,58930.0,Low Rate,0.02
Outpatient,3902VH,183,1.0,0.55,-10.0,-10.0,50840.0,Low Rate,0.02
Outpatient,1413SB,183,1.0,0.55,-10.0,-10.0,51240.0,Low Rate,0.02
Outpatient,3413DB,167,1.0,0.6,-10.0,-10.0,47060.0,Low Rate,0.02
Outpatient,2302KU,168,1.0,0.6,-10.0,-10.0,43460.0,Low Rate,0.02
Outpatient,0501TJ,229,1.0,0.44,-10.0,-10.0,42030.0,Low Rate,0.02
Outpatient,4923XG,165,1.0,0.61,-10.0,-10.0,56440.0,Low Rate,0.02
Outpatient,3400RD,162,1.0,0.62,-10.0,-10.0,42200.0,Low Rate,0.02
Outpatient,5200HJ,144,1.0,0.69,-10.0,-10.0,40680.0,Low Rate,0.02
Outpatient,1101VM,244,1.0,0.41,-10.0,-10.0,51950.0,Low Rate,0.02
Outpatient,3300XJ,206,1.0,0.49,-10.0,-10.0,58570.0,Low Rate,0.02
Outpatient,1101XP,206,1.0,0.49,-10.0,-10.0,58890.0,Low Rate,0.02
Outpatient,2400KU,126,1.0,0.79,-10.0,-10.0,40600.0,Low Rate,0.02
Outpatient,3413WV,232,1.0,0.43,-10.0,-10.0,59190.0,Low Rate,0.02
Outpatient,5213YN,209,1.0,0.48,-10.0,-10.0,64030.0,Low Rate,0.02
Outpatient,3100BU,173,1.0,0.58,-10.0,-10.0,53040.0,Low Rate,0.02
Outpatient,3601MD,159,1.0,0.63,-10.0,-10.0,40520.0,Low Rate,0.02
Outpatient,1000GN,158,1.0,0.63,-10.0,-10.0,41450.0,Low Rate,0.02
Outpatient,0506SR,156,1.0,0.64,-10.0,-10.0,45470.0,Low Rate,0.02
Outpatient,4300QC,157,1.0,0.64,-10.0,-10.0,43990.0,Low Rate,0.02
Outpatient,1102AC,142,1.0,0.7,-10.0,-10.0,49940.0,Low Rate,0.02
Outpatient,0527KV,143,1.0,0.7,-10.0,-10.0,41200.0,Low Rate,0.02
Outpatient,5001PC,142,1.0,0.7,-10.0,-10.0,65180.0,Low Rate,0.02
Outpatient,4502ZK,174,1.0,0.57,-10.0,-10.0,42880.0,Low Rate,0.02
Outpatient,2600DS,238,1.0,0.42,-10.0,-10.0,64800.0,Low Rate,0.02
Outpatient,1613NN,250,1.0,0.4,-10.0,-10.0,54860.0,Low Rate,0.02
Outpatient,3300ZS,171,1.0,0.58,-10.0,-10.0,53400.0,Low Rate,0.02
Outpatient,18006M,140,1.0,0.71,-10.0,-10.0,41170.0,Low Rate,0.02
Outpatient,1813SQ,135,1.0,0.74,-10.0,-10.0,43000.0,Low Rate,0.02
Outpatient,3900PT,134,1.0,0.75,-10.0,-10.0,41560.0,Low Rate,0.02
Outpatient,1801AR,120,1.0,0.83,-10.0,-10.0,42490.0,Low Rate,0.02
Outpatient,3302RR,275,1.0,0.36,-10.0,-10.0,62570.0,Low Rate,0.02
Outpatient,4400PP,205,1.0,0.49,-10.0,-10.0,47540.0,Low Rate,0.02
Outpatient,4508BJ,267,1.0,0.37,-10.0,-10.0,64410.0,Low Rate,0.02
Outpatient,4505AG,272,1.0,0.37,-10.0,-10.0,61960.0,Low Rate,0.02
Outpatient,2300BR,241,1.0,0.41,-10.0,-10.0,65980.0,Low Rate,0.02
Outpatient,1401CK,248,1.0,0.4,-10.0,-10.0,62240.0,Low Rate,0.02
Outpatient,0100HH,133,1.0,0.75,-10.0,-10.0,49270.0,Low Rate,0.02
Outpatient,2301UP,260,1.0,0.38,-10.0,-10.0,53960.0,Low Rate,0.02
Outpatient,3800XP,262,1.0,0.38,-10.0,-10.0,56210.0,Low Rate,0.02
Outpatient,1200CQ,204,1.0,0.49,-10.0,-10.0,59740.0,Low Rate,0.02
Outpatient,1413BH,226,1.0,0.44,-10.0,-10.0,52020.0,Low Rate,0.02
Outpatient,2313WJ,237,1.0,0.42,-10.0,-10.0,55300.0,Low Rate,0.02
Outpatient,3418NQ,128,1.0,0.78,-10.0,-10.0,53550.0,Low Rate,0.02
Outpatient,1100HU,121,1.0,0.83,-10.0,-10.0,48490.0,Low Rate,0.02
Outpatient,4213VD,113,1.0,0.88,-10.0,-10.0,40940.0,Low Rate,0.02
Outpatient,1113KQ,88,1.0,1.14,-10.0,-10.0,42210.0,Low Rate,0.02
Outpatient,2401GC,201,1.0,0.5,-10.0,-10.0,45140.0,Low Rate,0.02
Inpatient,0505KQ,249,1.0,0.4,-300.0,-300.0,2212600.0,Low Rate,0.01
Inpatient,1100SK,230,1.0,0.43,-200.0,-200.0,2131700.0,Low Rate,0.01
Inpatient,0505YJ,142,1.0,0.7,-200.0,-200.0,1402300.0,Low Rate,0.01
Inpatient,4900CN,137,1.0,0.73,-100.0,-100.0,1438900.0,Low Rate,0.01
Inpatient,2200TM,100,1.0,1.0,-100.0,-100.0,1095900.0,Low Rate,0.01
Inpatient,4200VR,83,1.0,1.2,-100.0,-100.0,676900.0,Low Rate,0.01
Outpatient,1100TC,2099,4.0,0.19,-90.0,-22.5,763480.0,Low Rate,0.01
Inpatient,1401YS,127,1.0,0.79,-90.0,-90.0,1156710.0,Low Rate,0.01
Outpatient,3600NG,1793,2.0,0.11,-60.0,-30.0,495850.0,Low Rate,0.01
Outpatient,0101JA,862,3.0,0.35,-50.0,-16.67,391590.0,Low Rate,0.01
Outpatient,2200XR,1518,3.0,0.2,-50.0,-16.67,440130.0,Low Rate,0.01
Outpatient,1500BK,1106,3.0,0.27,-50.0,-16.67,466320.0,Low Rate,0.01
Outpatient,2100TH,1201,2.0,0.17,-40.0,-20.0,301860.0,Low Rate,0.01
Outpatient,39006M,1698,2.0,0.12,-40.0,-20.0,509660.0,Low Rate,0.01
Outpatient,0600VR,935,2.0,0.21,-40.0,-20.0,303670.0,Low Rate,0.01
Outpatient,3901GS,974,2.0,0.21,-40.0,-20.0,287600.0,Low Rate,0.01
Outpatient,37016P,1045,1.0,0.1,-40.0,-40.0,282300.0,Low Rate,0.01
Outpatient,2300TT,915,1.0,0.11,-40.0,-40.0,297850.0,Low Rate,0.01
Outpatient,1101HS,677,2.0,0.3,-30.0,-15.0,236780.0,Low Rate,0.01
Outpatient,4900SN,1089,2.0,0.18,-30.0,-15.0,319450.0,Low Rate,0.01
Outpatient,1101DQ,870,2.0,0.23,-30.0,-15.0,265190.0,Low Rate,0.01
Outpatient,30XPHC,1490,1.0,0.07,-30.0,-30.0,499940.0,Low Rate,0.01
Outpatient,0300NP,737,2.0,0.27,-30.0,-15.0,254810.0,Low Rate,0.01
Outpatient,4500BM,950,1.0,0.11,-30.0,-30.0,272300.0,Low Rate,0.01
Outpatient,3700ZA,968,1.0,0.1,-20.0,-20.0,304630.0,Low Rate,0.01
Outpatient,2601DN,980,2.0,0.2,-20.0,-10.0,233250.0,Low Rate,0.01
Outpatient,1402YK,766,2.0,0.26,-20.0,-10.0,246020.0,Low Rate,0.01
Outpatient,1100DS,599,2.0,0.33,-20.0,-10.0,155690.0,Low Rate,0.01
Outpatient,1400AC,237,1.0,0.42,-20.0,-20.0,141950.0,Low Rate,0.01
Outpatient,0800QV,699,2.0,0.29,-20.0,-10.0,241870.0,Low Rate,0.01
Outpatient,1402ZM,719,1.0,0.14,-20.0,-20.0,195490.0,Low Rate,0.01
Outpatient,3400BT,839,2.0,0.24,-20.0,-10.0,257120.0,Low Rate,0.01
Outpatient,1000UU,825,2.0,0.24,-20.0,-10.0,217270.0,Low Rate,0.01
Outpatient,2302YG,491,1.0,0.2,-20.0,-20.0,139250.0,Low Rate,0.01
Outpatient,3600YM,440,1.0,0.23,-20.0,-20.0,189160.0,Low Rate,0.01
Outpatient,3301RC,717,1.0,0.14,-20.0,-20.0,186660.0,Low Rate,0.01
Outpatient,10016B,1318,2.0,0.15,-20.0,-10.0,334710.0,Low Rate,0.01
Outpatient,3413QP,605,1.0,0.17,-20.0,-20.0,227450.0,Low Rate,0.01
Outpatient,2100CN,621,1.0,0.16,-20.0,-20.0,179010.0,Low Rate,0.01
Outpatient,2601QB,507,1.0,0.2,-20.0,-20.0,133460.0,Low Rate,0.01
Outpatient,1000AV,548,1.0,0.18,-20.0,-20.0,192700.0,Low Rate,0.01
Outpatient,21008S,582,1.0,0.17,-20.0,-20.0,205440.0,Low Rate,0.01
Outpatient,4501KR,379,1.0,0.26,-10.0,-10.0,102210.0,Low Rate,0.01
Outpatient,1130HA,335,1.0,0.3,-10.0,-10.0,85880.0,Low Rate,0.01
Outpatient,3600JK,430,1.0,0.23,-10.0,-10.0,116720.0,Low Rate,0.01
Outpatient,3400XN,589,1.0,0.17,-10.0,-10.0,167560.0,Low Rate,0.01
Outpatient,3601GU,618,1.0,0.16,-10.0,-10.0,157520.0,Low Rate,0.01
Outpatient,1002SK,216,1.0,0.46,-10.0,-10.0,75070.0,Low Rate,0.01
Outpatient,2100AS,612,1.0,0.16,-10.0,-10.0,198970.0,Low Rate,0.01
Outpatient,4901TR,268,1.0,0.37,-10.0,-10.0,98010.0,Low Rate,0.01
Outpatient,4300BT,678,1.0,0.15,-10.0,-10.0,149640.0,Low Rate,0.01
Outpatient,2300MT,679,1.0,0.15,-10.0,-10.0,160790.0,Low Rate,0.01
Outpatient,4401MM,434,1.0,0.23,-10.0,-10.0,127610.0,Low Rate,0.01
Outpatient,1601DR,430,1.0,0.23,-10.0,-10.0,106030.0,Low Rate,0.01
Outpatient,3600TD,742,1.0,0.13,-10.0,-10.0,199110.0,Low Rate,0.01
Outpatient,4900NQ,394,1.0,0.25,-10.0,-10.0,93400.0,Low Rate,0.01
Outpatient,5201NR,388,1.0,0.26,-10.0,-10.0,97380.0,Low Rate,0.01
Outpatient,1120ST,389,1.0,0.26,-10.0,-10.0,111360.0,Low Rate,0.01
Outpatient,1002CK,377,1.0,0.27,-10.0,-10.0,107930.0,Low Rate,0.01
Outpatient,3600MD,365,1.0,0.27,-10.0,-10.0,99160.0,Low Rate,0.01
Outpatient,1413ZC,377,1.0,0.27,-10.0,-10.0,99530.0,Low Rate,0.01
Outpatient,2913UM,366,1.0,0.27,-10.0,-10.0,98310.0,Low Rate,0.01
Outpatient,1800MR,224,1.0,0.45,-10.0,-10.0,66890.0,Low Rate,0.01
Outpatient,3200YN,244,1.0,0.41,-10.0,-10.0,81610.0,Low Rate,0.01
Outpatient,3013SA,371,1.0,0.27,-10.0,-10.0,76570.0,Low Rate,0.01
Outpatient,0504ZK,242,1.0,0.41,-10.0,-10.0,71800.0,Low Rate,0.01
Outpatient,1113JP,118,1.0,0.85,-10.0,-10.0,68810.0,Low Rate,0.01
Outpatient,4504BD,207,1.0,0.48,-10.0,-10.0,73300.0,Low Rate,0.01
Outpatient,4713CJ,300,1.0,0.33,-10.0,-10.0,122140.0,Low Rate,0.01
Outpatient,1501AS,305,1.0,0.33,-10.0,-10.0,94860.0,Low Rate,0.01
Outpatient,2100JT,360,1.0,0.28,-10.0,-10.0,104030.0,Low Rate,0.01
Outpatient,3900KJ,253,1.0,0.4,-10.0,-10.0,73270.0,Low Rate,0.01
Outpatient,0101SS,249,1.0,0.4,-10.0,-10.0,71450.0,Low Rate,0.01
Outpatient,34ZJRQ,644,1.0,0.16,-10.0,-10.0,167090.0,Low Rate,0.01
Outpatient,3601QJ,258,1.0,0.39,-10.0,-10.0,73860.0,Low Rate,0.01
Outpatient,01016G,458,1.0,0.22,-10.0,-10.0,161760.0,Low Rate,0.01
Outpatient,5213PJ,363,1.0,0.28,-10.0,-10.0,89110.0,Low Rate,0.01
Outpatient,1500VR,341,1.0,0.29,-10.0,-10.0,102930.0,Low Rate,0.01
Outpatient,0500CP,340,1.0,0.29,-10.0,-10.0,98400.0,Low Rate,0.01
Outpatient,26018R,290,1.0,0.34,-10.0,-10.0,67040.0,Low Rate,0.01
Outpatient,10006P,465,1.0,0.22,-10.0,-10.0,137760.0,Low Rate,0.01
Outpatient,4900GQ,523,1.0,0.19,-10.0,-10.0,122690.0,Low Rate,0.01
Outpatient,1901WD,291,1.0,0.34,-10.0,-10.0,74380.0,Low Rate,0.01
Outpatient,0601YA,295,1.0,0.34,-10.0,-10.0,67760.0,Low Rate,0.01
Outpatient,5113TV,248,1.0,0.4,-10.0,-10.0,85880.0,Low Rate,0.01
Outpatient,4400TT,287,1.0,0.35,-10.0,-10.0,78710.0,Low Rate,0.01
Outpatient,1401UU,314,1.0,0.32,-10.0,-10.0,69950.0,Low Rate,0.01
Outpatient,1901AC,277,1.0,0.36,-10.0,-10.0,90210.0,Low Rate,0.01
Outpatient,2213YB,273,1.0,0.37,-10.0,-10.0,69610.0,Low Rate,0.01
Outpatient,2300YC,323,1.0,0.31,-10.0,-10.0,95680.0,Low Rate,0.01
Outpatient,3800KH,314,1.0,0.32,-10.0,-10.0,70760.0,Low Rate,0.01
Outpatient,5201DH,309,1.0,0.32,-10.0,-10.0,68610.0,Low Rate,0.01
Outpatient,2213WV,308,1.0,0.32,-10.0,-10.0,69200.0,Low Rate,0.01
Outpatient,3625WK,432,1.0,0.23,-10.0,-10.0,107390.0,Low Rate,0.01
Inpatient,1000AH,634,1.0,0.16,-300.0,-300.0,6116900.0,Low Rate,0.0
Inpatient,2600ZT,422,2.0,0.47,-110.0,-55.0,3919890.0,Low Rate,0.0
Inpatient,3100JN,315,1.0,0.32,-100.0,-100.0,3567600.0,Low Rate,0.0
Inpatient,0700QA,184,1.0,0.54,-50.0,-50.0,1699850.0,Low Rate,0.0
Outpatient,4200DG,446,1.0,0.22,-10.0,-10.0,228570.0,Low Rate,0.0
Outpatient,2100BT,589,1.0,0.17,-10.0,-10.0,222860.0,Low Rate,0.0
Outpatient,1500CD,612,1.0,0.16,-10.0,-10.0,205340.0,Low Rate,0.0
Outpatient,4200QS,1286,1.0,0.08,-10.0,-10.0,422270.0,Low Rate,0.0
Outpatient,4500CU,1349,1.0,0.07,-10.0,-10.0,377200.0,Low Rate,0.0
Outpatient,2201HV,888,1.0,0.11,-10.0,-10.0,224830.0,Low Rate,0.0
