hcpcs_cd,claim_count,unique_beneficiaries,total_payment,average_payment_per_claim,median_payment_per_claim
A4657,20064,2404,38757970.0,1931.72,2000.0
Q4081,597,467,1131300.0,1894.97,2000.0
90999,668,499,1265190.0,1894.0,2000.0
82040,830,768,813520.0,980.14,250.0
77336,689,663,636480.0,923.77,300.0
93293,682,665,395320.0,579.65,30.0
G0410,608,559,297040.0,488.55,300.0
96365,1004,990,466170.0,464.31,100.0
78465,1080,1065,442420.0,409.65,100.0
74000,949,944,384030.0,404.67,100.0
73221,625,620,251060.0,401.7,200.0
82728,537,534,212630.0,395.96,70.0
A9270,522,518,204240.0,391.26,100.0
92014,623,619,241630.0,387.85,90.0
95811,742,736,280000.0,377.36,400.0
97003,985,971,370290.0,375.93,200.0
A9552,737,717,273160.0,370.64,100.0
95810,753,750,278080.0,369.3,400.0
70553,951,939,336760.0,354.11,200.0
Q9967,792,780,277830.0,350.8,100.0
