claim_type,procedure_code,claim_count,unique_beneficiaries,total_payment,average_payment_per_claim,median_payment_per_claim
Inpatient,8154,1646,1593,19140920.0,11628.75,11000.0
Inpatient,0066,1401,1363,18478200.0,13189.29,12000.0
Inpatient,9672,472,461,15643000.0,33141.95,33000.0
Inpatient,9904,1861,1800,13239850.0,7114.37,6000.0
Inpatient,3893,1424,1389,12409200.0,8714.33,8000.0
Inpatient,3995,1284,1215,11496690.0,8953.81,8000.0
Inpatient,9671,707,698,8783000.0,12422.91,12000.0
Inpatient,8151,678,668,7826500.0,11543.51,11000.0
Inpatient,3722,982,968,7029200.0,7158.04,6000.0
Inpatient,4516,1049,1031,6713910.0,6400.3,5000.0
Inpatient,3521,147,146,6515000.0,44319.73,45000.0
Inpatient,8622,308,305,6239270.0,20257.37,16000.0
Inpatient,8108,263,263,6216000.0,23634.98,22000.0
Inpatient,311,132,132,6180000.0,46818.18,57000.0
Inpatient,8152,454,453,5962000.0,13132.16,12000.0
Inpatient,3950,352,349,5680400.0,16137.5,14000.0
Inpatient,7935,468,464,5449000.0,11643.16,10000.0
Inpatient,3612,171,171,5240000.0,30643.27,28000.0
Inpatient,387,263,261,5187000.0,19722.43,18000.0
Inpatient,3772,329,327,5164300.0,15696.96,14000.0
Inpatient,9339,397,393,5144900.0,12959.45,12000.0
Inpatient,5123,463,463,5090100.0,10993.74,9000.0
Inpatient,3794,129,128,4860000.0,37674.42,37000.0
Inpatient,9390,542,535,4722600.0,8713.28,8000.0
Inpatient,0051,132,131,4686400.0,35503.03,35000.0
Inpatient,8872,708,703,4664300.0,6587.99,6000.0
Inpatient,4513,602,594,3989400.0,6626.91,6000.0
Inpatient,3613,133,133,3918300.0,29460.9,28000.0
Inpatient,4573,170,167,3557700.0,20927.65,17000.0
Inpatient,3491,418,415,3485100.0,8337.56,7000.0
Inpatient,4562,130,130,3251000.0,25007.69,23000.0
Inpatient,4576,141,141,3151240.0,22349.22,19000.0
Inpatient,3522,71,71,2919000.0,41112.68,38000.0
Inpatient,7915,236,234,2811000.0,11911.02,10000.0
Inpatient,8102,195,194,2801200.0,14365.13,12000.0
Inpatient,3971,126,125,2668500.0,21178.57,18000.0
Inpatient,3812,361,359,2559000.0,7088.64,6000.0
Inpatient,9604,224,224,2541000.0,11343.75,9000.0
Inpatient,4311,237,237,2374700.0,10019.83,8000.0
Inpatient,3783,149,148,2281000.0,15308.72,14000.0
Inpatient,9921,265,265,2239100.0,8449.43,7000.0
Inpatient,5491,245,243,2082800.0,8501.22,8000.0
Inpatient,0131,81,79,2076000.0,25629.63,25000.0
Inpatient,3761,63,63,2064000.0,32761.9,32000.0
Inpatient,0309,266,265,1997000.0,7507.52,6000.0
Inpatient,5122,115,115,1957000.0,17017.39,14000.0
Inpatient,3324,216,215,1950000.0,9027.78,7000.0
Inpatient,5459,109,109,1908000.0,17504.59,15000.0
Inpatient,3611,67,67,1906000.0,28447.76,28000.0
Inpatient,3929,122,122,1873100.0,15353.28,13000.0
Inpatient,8415,82,82,1789000.0,21817.07,18000.0
Inpatient,3927,93,92,1739000.0,18698.92,16000.0
Inpatient,3512,43,43,1738000.0,40418.6,41000.0
Inpatient,3615,67,67,1728000.0,25791.04,24000.0
Inpatient,5794,232,231,1716770.0,7399.87,6000.0
Inpatient,3327,95,95,1663300.0,17508.42,16000.0
Inpatient,4523,287,287,1644300.0,5729.27,5000.0
Inpatient,3614,52,52,1551000.0,29826.92,28500.0
Inpatient,8417,79,79,1539000.0,19481.01,16000.0
Inpatient,3895,158,158,1520000.0,9620.25,9000.0
Inpatient,3249,78,78,1511000.0,19371.79,17000.0
Inpatient,7936,160,159,1507300.0,9420.63,8000.0
Inpatient,3771,86,86,1495000.0,17383.72,16000.0
Inpatient,4525,243,243,1469300.0,6046.5,5000.0
Inpatient,7855,120,119,1444000.0,12033.33,10000.0
Inpatient,9925,144,144,1443700.0,10025.69,7000.0
Inpatient,5569,66,60,1434000.0,21727.27,21000.0
Inpatient,3734,108,108,1433000.0,13268.52,11000.0
Inpatient,3949,70,70,1389500.0,19850.0,18000.0
Inpatient,0331,183,183,1325300.0,7242.08,6000.0
Inpatient,8703,226,225,1297440.0,5740.88,5000.0
Inpatient,4575,46,46,1279000.0,27804.35,26000.0
Inpatient,9929,199,198,1260600.0,6334.67,6000.0
Inpatient,8411,89,88,1248000.0,14022.47,11000.0
Inpatient,3723,166,164,1236700.0,7450.0,6000.0
Inpatient,7749,95,94,1224000.0,12884.21,11000.0
Inpatient,3979,50,50,1213000.0,24260.0,22000.0
Inpatient,8107,44,44,1158300.0,26325.0,23000.0
Inpatient,8180,104,104,1150000.0,11057.69,11000.0
Inpatient,8669,50,50,1147000.0,22940.0,17000.0
Inpatient,1733,68,68,1133000.0,16661.76,13000.0
Inpatient,0070,60,60,1124000.0,18733.33,17000.0
Inpatient,966,118,118,1119000.0,9483.05,7500.0
Inpatient,3129,22,22,1119000.0,50863.64,57000.0
Inpatient,3524,23,23,1091000.0,47434.78,52000.0
Inpatient,3712,42,42,1083000.0,25785.71,23000.0
Inpatient,5551,72,72,1075200.0,14933.33,12500.0
Inpatient,0159,44,44,1054000.0,23954.55,20500.0
Inpatient,3844,44,44,1054000.0,23954.55,21500.0
Inpatient,3523,24,24,1051000.0,43791.67,49500.0
Inpatient,8604,154,154,1046000.0,6792.21,5000.0
Inpatient,9907,140,140,1040000.0,7428.57,6000.0
Inpatient,8106,34,34,1038000.0,30529.41,32000.0
Inpatient,3404,111,111,1037000.0,9342.34,8000.0
Inpatient,4131,80,80,1000000.0,12500.0,8500.0
Inpatient,5503,58,58,994000.0,17137.93,15500.0
Inpatient,5749,116,115,958000.0,8258.62,6000.0
Inpatient,6849,122,121,953000.0,7811.48,7000.0
Inpatient,6029,179,179,946000.0,5284.92,4000.0
Inpatient,3220,48,48,943000.0,19645.83,14000.0
Inpatient,8628,94,94,930000.0,9893.62,7000.0
Inpatient,8051,128,128,911000.0,7117.19,5000.0
Inpatient,8105,25,25,908000.0,36320.0,35000.0
Inpatient,0080,50,50,901000.0,18020.0,16000.0
Inpatient,8891,145,145,893700.0,6163.45,5000.0
Inpatient,9915,83,82,868000.0,10457.83,8000.0
Inpatient,4443,125,125,860100.0,6880.8,6000.0
Inpatient,4542,151,151,859100.0,5689.4,5000.0
Inpatient,8412,40,40,851000.0,21275.0,16500.0
Inpatient,9910,64,64,851000.0,13296.88,12000.0
Inpatient,3451,30,30,850000.0,28333.33,29000.0
Inpatient,8659,160,159,849200.0,5307.5,4000.0
Inpatient,3942,43,43,849000.0,19744.19,18000.0
Inpatient,4011,56,56,842300.0,15041.07,14000.0
Inpatient,560,76,76,825000.0,10855.26,7000.0
Inpatient,8166,66,66,809000.0,12257.58,10000.0
Inpatient,9462,146,142,801200.0,5487.67,4000.0
Inpatient,3533,17,17,801000.0,47117.65,53000.0
Inpatient,8627,84,84,793000.0,9440.48,7000.0
Inpatient,9607,122,121,734600.0,6021.31,5000.0
Inpatient,3925,31,31,732000.0,23612.9,22000.0
Inpatient,022,20,20,729000.0,36450.0,31500.0
Inpatient,605,101,101,727800.0,7205.94,7000.0
Inpatient,4574,27,27,726000.0,26888.89,24000.0
Inpatient,8339,40,40,717000.0,17925.0,12000.0
Inpatient,5411,33,33,711000.0,21545.45,20000.0
Inpatient,8741,106,106,709000.0,6688.68,6000.0
Inpatient,3733,22,22,686300.0,31195.45,33000.0
Inpatient,8191,100,100,675000.0,6750.0,5000.0
Inpatient,9955,98,98,671800.0,6855.1,6000.0
Inpatient,5185,87,87,651500.0,7488.51,7000.0
Inpatient,0061,62,62,642000.0,10354.84,11000.0
Inpatient,8607,67,67,630000.0,9402.99,8000.0
Inpatient,9905,62,62,626000.0,10096.77,7500.0
Inpatient,0081,34,34,603000.0,17735.29,16000.0
Inpatient,7931,59,59,599580.0,10162.37,9000.0
Inpatient,437,26,26,588000.0,22615.38,19500.0
Inpatient,8345,32,32,587000.0,18343.75,15500.0
Inpatient,8605,59,58,569000.0,9644.07,9000.0
Inpatient,4582,19,19,569000.0,29947.37,31000.0
Inpatient,5451,37,37,560000.0,15135.14,14000.0
Inpatient,8181,41,41,558020.0,13610.24,13000.0
Inpatient,4579,23,23,556000.0,24173.91,21000.0
Inpatient,8801,98,98,548000.0,5591.84,5000.0
Inpatient,4438,48,48,539000.0,11229.17,9500.0
Inpatient,5498,57,57,535000.0,9385.96,9000.0
Inpatient,5361,61,61,527780.0,8652.13,7000.0
Inpatient,8674,27,27,520000.0,19259.26,16000.0
Inpatient,9383,44,44,512800.0,11654.55,11000.0
Inpatient,4467,36,36,512000.0,14222.22,11500.0
Inpatient,3898,69,68,509000.0,7376.81,7000.0
Inpatient,8877,61,61,507000.0,8311.48,6000.0
Inpatient,7932,45,45,495900.0,11020.0,7000.0
Inpatient,4863,26,26,493000.0,18961.54,17000.0
Inpatient,598,78,78,489000.0,6269.23,5000.0
Inpatient,5011,51,51,487000.0,9549.02,9000.0
Inpatient,5771,23,23,480000.0,20869.57,17000.0
Inpatient,8165,39,39,474000.0,12153.85,10000.0
Inpatient,9229,63,63,474000.0,7523.81,6000.0
Inpatient,4701,51,51,468200.0,9180.39,7000.0
Inpatient,3326,66,66,466000.0,7060.61,7000.0
Inpatient,3972,16,15,463000.0,28937.5,19000.0
Inpatient,3229,25,25,461000.0,18440.0,16000.0
Inpatient,8321,26,26,461000.0,17730.77,15500.0
Inpatient,9962,87,87,448980.0,5160.69,4000.0
Inpatient,8138,19,19,446300.0,23489.47,22000.0
Inpatient,9960,50,50,446000.0,8920.0,7000.0
Inpatient,1736,24,24,445000.0,18541.67,14500.0
Inpatient,0073,21,21,444000.0,21142.86,18000.0
Inpatient,9394,78,78,443200.0,5682.05,5000.0
Inpatient,4673,14,14,433000.0,30928.57,27000.0
Inpatient,3787,37,37,426000.0,11513.51,10000.0
Inpatient,527,13,13,419000.0,32230.77,29000.0
Inpatient,6859,76,76,417100.0,5488.16,5000.0
Inpatient,5732,53,53,417000.0,7867.92,7000.0
Inpatient,9396,61,61,410000.0,6721.31,6000.0
Inpatient,4442,15,15,408100.0,27206.67,31000.0
Inpatient,3241,21,21,408000.0,19428.57,14000.0
Inpatient,9952,68,68,405000.0,5955.88,5000.0
Inpatient,9427,50,49,404100.0,8082.0,6000.0
Inpatient,9389,25,25,400000.0,16000.0,14000.0
Inpatient,5059,7,7,399000.0,57000.0,57000.0
Inpatient,8954,71,71,397200.0,5594.37,4000.0
Inpatient,3973,11,11,393000.0,35727.27,36000.0
Inpatient,0124,14,14,391000.0,27928.57,26000.0
Inpatient,9702,49,48,390000.0,7959.18,6000.0
Inpatient,415,17,17,389000.0,22882.35,24000.0
Inpatient,3891,42,42,372000.0,8857.14,9000.0
Inpatient,8192,66,66,367000.0,5560.61,4000.0
Inpatient,9338,25,25,366000.0,14640.0,14000.0
Inpatient,4709,38,38,363000.0,9552.63,9000.0
Inpatient,8944,85,85,361800.0,4256.47,3000.0
Inpatient,3328,17,17,361000.0,21235.29,16000.0
Inpatient,8965,46,46,360000.0,7826.09,8000.0
Inpatient,3952,13,13,352000.0,27076.92,25000.0
Inpatient,8841,59,59,352000.0,5966.1,5000.0
Inpatient,3845,11,11,351000.0,31909.09,25000.0
Inpatient,3943,19,19,349000.0,18368.42,16000.0
Inpatient,8543,60,60,349000.0,5816.67,5000.0
Inpatient,0072,18,18,347000.0,19277.78,17500.0
Inpatient,0017,37,37,343000.0,9270.27,7000.0
Inpatient,9444,34,33,341000.0,10029.41,5000.0
Inpatient,3816,11,11,337000.0,30636.36,29000.0
Inpatient,5495,16,16,336000.0,21000.0,21500.0
Inpatient,4233,41,41,331500.0,8085.37,9000.0
Inpatient,0139,10,10,330000.0,33000.0,29000.0
Inpatient,0050,20,20,322000.0,16100.0,14500.0
Inpatient,9919,56,56,320000.0,5714.29,5000.0
Inpatient,8856,45,45,318700.0,7082.22,6000.0
Inpatient,8952,50,50,316000.0,6320.0,5000.0
Inpatient,0392,58,58,315600.0,5441.38,5000.0
Inpatient,3818,28,28,315000.0,11250.0,11000.0
Inpatient,7769,17,17,312000.0,18352.94,12000.0
Inpatient,5502,13,13,312000.0,24000.0,21000.0
Inpatient,4104,6,6,307000.0,51166.67,53500.0
Inpatient,0082,20,20,307000.0,15350.0,15000.0
Inpatient,5110,33,33,306000.0,9272.73,7000.0
Inpatient,8914,48,48,304000.0,6333.33,6000.0
Inpatient,9425,44,44,302600.0,6877.27,5000.0
Inpatient,4292,50,50,300800.0,6016.0,6000.0
Inpatient,3821,19,19,300200.0,15800.0,13000.0
Inpatient,6561,36,36,297000.0,8250.0,6500.0
Inpatient,3776,15,15,297000.0,19800.0,18000.0
Inpatient,3726,27,27,295000.0,10925.93,9000.0
Inpatient,8949,56,56,294400.0,5257.14,5000.0
Inpatient,5187,35,35,294000.0,8400.0,9000.0
Inpatient,8945,51,51,289000.0,5666.67,5000.0
Inpatient,3768,6,6,287000.0,47833.33,50500.0
Inpatient,8103,17,17,285000.0,16764.71,13000.0
Inpatient,9961,60,60,284200.0,4736.67,4000.0
Inpatient,8006,16,16,284000.0,17750.0,11500.0
Inpatient,0234,27,27,284000.0,10518.52,8000.0
Inpatient,4603,15,15,284000.0,18933.33,16000.0
Inpatient,3721,35,35,283600.0,8102.86,8000.0
Inpatient,3452,13,13,283000.0,21769.23,21000.0
Inpatient,0151,12,12,281000.0,23416.67,21000.0
Inpatient,8611,32,32,271000.0,8468.75,7000.0
Inpatient,9465,62,62,269600.0,4348.39,3000.0
Inpatient,4429,7,7,265000.0,37857.14,37000.0
Inpatient,4543,41,41,264000.0,6439.02,5000.0
Inpatient,863,29,29,262800.0,9062.07,6000.0
Inpatient,8016,19,19,262400.0,13810.53,12000.0
Inpatient,3808,21,21,262100.0,12480.95,12000.0
Inpatient,6851,38,38,262000.0,6894.74,6000.0
Inpatient,3406,11,11,257000.0,23363.64,17000.0
Inpatient,4524,47,47,256000.0,5446.81,5000.0
Inpatient,3421,12,12,254000.0,21166.67,16500.0
Inpatient,4041,23,23,249010.0,10826.52,10000.0
Inpatient,4399,9,9,246000.0,27333.33,27000.0
Inpatient,5523,34,34,245000.0,7205.88,6000.0
Inpatient,5351,20,20,244000.0,12200.0,9500.0
Inpatient,9354,42,42,244000.0,5809.52,4000.0
Inpatient,3798,11,11,242000.0,22000.0,22000.0
Inpatient,4432,7,7,241000.0,34428.57,27000.0
Inpatient,554,20,20,239000.0,11950.0,10500.0
Inpatient,034,12,12,236000.0,19666.67,14000.0
Inpatient,8153,12,11,236000.0,19666.67,19500.0
Inpatient,4439,14,14,235000.0,16785.71,17500.0
Inpatient,5553,12,12,233000.0,19416.67,17000.0
Inpatient,8838,30,30,229000.0,7633.33,5000.0
Inpatient,3420,17,17,228000.0,13411.76,11000.0
Inpatient,4561,7,7,227000.0,32428.57,29000.0
Inpatient,8005,17,17,226000.0,13294.12,13000.0
Inpatient,3596,13,13,225000.0,17307.69,17000.0
Inpatient,4572,11,11,224000.0,20363.64,16000.0
Inpatient,7745,18,18,220500.0,12250.0,11000.0
Inpatient,4342,10,10,213000.0,21300.0,20000.0
Inpatient,0071,13,13,212000.0,16307.69,16000.0
Inpatient,544,12,12,210000.0,17500.0,15500.0
Inpatient,540,15,15,204000.0,13600.0,13000.0
Inpatient,5188,34,34,204000.0,6000.0,6000.0
Inpatient,3781,14,14,203000.0,14500.0,14000.0
Inpatient,3974,6,6,202000.0,33666.67,38000.0
Inpatient,5419,8,8,199000.0,24875.0,17500.0
Inpatient,4869,13,13,199000.0,15307.69,12000.0
Inpatient,0242,11,11,197000.0,17909.09,15000.0
Inpatient,064,43,43,197000.0,4581.4,4000.0
Inpatient,5136,8,8,196000.0,24500.0,24000.0
Inpatient,8081,12,12,196000.0,16333.33,12500.0
Inpatient,3803,11,11,194000.0,17636.36,16000.0
Inpatient,3142,28,28,193000.0,6892.86,6000.0
Inpatient,391,6,6,192000.0,32000.0,27000.0
Inpatient,4469,6,6,191000.0,31833.33,34500.0
Inpatient,3779,18,18,189000.0,10500.0,7000.0
Inpatient,4652,15,15,189000.0,12600.0,10000.0
Inpatient,8919,29,29,187000.0,6448.28,5000.0
Inpatient,4466,12,12,185000.0,15416.67,15000.0
Inpatient,0054,8,8,184000.0,23000.0,24000.0
Inpatient,3951,6,6,183000.0,30500.0,20000.0
Inpatient,7975,23,23,182000.0,7913.04,4000.0
Inpatient,0639,10,10,181000.0,18100.0,5500.0
Inpatient,346,8,8,180000.0,22500.0,28000.0
Inpatient,0689,21,21,180000.0,8571.43,4000.0
Inpatient,9923,32,32,179000.0,5593.75,5500.0
Inpatient,843,17,17,179000.0,10529.41,10000.0
Inpatient,9224,19,19,178000.0,9368.42,8000.0
Inpatient,8309,11,11,177000.0,16090.91,17000.0
Inpatient,8382,4,4,176000.0,44000.0,51000.0
Inpatient,3352,3,3,171000.0,57000.0,57000.0
Inpatient,3351,3,3,171000.0,57000.0,57000.0
Inpatient,3766,3,3,171000.0,57000.0,57000.0
Inpatient,4341,26,26,170000.0,6538.46,6000.0
Inpatient,7865,14,14,170000.0,12142.86,12000.0
Inpatient,6841,15,15,169000.0,11266.67,8000.0
Inpatient,0084,21,21,168000.0,8000.0,7000.0
Inpatient,9301,18,18,168000.0,9333.33,8000.0
Inpatient,5421,12,12,168000.0,14000.0,11500.0
Inpatient,8848,25,25,167000.0,6680.0,6000.0
Inpatient,3797,11,11,167000.0,15181.82,16000.0
Inpatient,5198,14,14,163000.0,11642.86,9500.0
Inpatient,8842,29,29,163000.0,5620.69,5000.0
Inpatient,4610,8,8,162000.0,20250.0,14500.0
Inpatient,4441,5,5,162000.0,32400.0,31000.0
Inpatient,3409,21,21,161300.0,7680.95,8000.0
Inpatient,8871,31,31,160000.0,5161.29,4000.0
Inpatient,4495,18,18,159000.0,8833.33,9000.0
Inpatient,3320,10,10,159000.0,15900.0,9000.0
Inpatient,8101,9,9,159000.0,17666.67,14000.0
Inpatient,3922,7,7,159000.0,22714.29,17000.0
Inpatient,4675,7,7,157000.0,22428.57,25000.0
Inpatient,8132,5,5,157000.0,31400.0,36000.0
Inpatient,5718,14,14,157000.0,11214.29,9500.0
Inpatient,4611,6,6,156000.0,26000.0,23000.0
Inpatient,0125,4,4,156000.0,39000.0,44500.0
Inpatient,576,9,9,156000.0,17333.33,13000.0
Inpatient,3422,10,10,154000.0,15400.0,14500.0
Inpatient,4594,6,6,153000.0,25500.0,14500.0
Inpatient,5369,22,22,152000.0,6909.09,6500.0
Inpatient,3782,11,11,151000.0,13727.27,13000.0
Inpatient,4023,28,28,151000.0,5392.86,4000.0
Inpatient,5979,28,28,151000.0,5392.86,4000.0
Inpatient,5304,18,18,149200.0,8288.89,7500.0
Inpatient,0239,5,5,149000.0,29800.0,35000.0
Inpatient,4591,7,7,148000.0,21142.86,16000.0
Inpatient,3931,7,7,147000.0,21000.0,20000.0
Inpatient,5252,5,5,147000.0,29400.0,24000.0
Inpatient,8893,26,26,146000.0,5615.38,5000.0
Inpatient,8606,10,10,145300.0,14530.0,11500.0
Inpatient,3834,6,6,145000.0,24166.67,19500.0
Inpatient,6021,26,26,145000.0,5576.92,4000.0
Inpatient,5103,5,5,145000.0,29000.0,33000.0
Inpatient,864,12,12,144000.0,12000.0,10000.0
Inpatient,315,4,4,143000.0,35750.0,30000.0
Inpatient,7788,8,8,143000.0,17875.0,12500.0
Inpatient,3899,25,25,141000.0,5640.0,6000.0
Inpatient,5789,3,3,141000.0,47000.0,55000.0
Inpatient,3775,15,15,141000.0,9400.0,7000.0
Inpatient,2101,22,22,141000.0,6409.09,6000.0
Inpatient,9463,20,19,141000.0,7050.0,6000.0
Inpatient,5371,9,9,141000.0,15666.67,14000.0
Inpatient,5493,8,8,141000.0,17625.0,14500.0
Inpatient,570,26,26,140080.0,5387.69,4000.0
Inpatient,8155,8,8,137000.0,17125.0,16500.0
Inpatient,8015,8,8,136000.0,17000.0,19500.0
Inpatient,8897,21,21,135000.0,6428.57,4000.0
Inpatient,9469,20,20,135000.0,6750.0,5000.0
Inpatient,0881,23,23,133000.0,5782.61,5000.0
Inpatient,3886,3,3,133000.0,44333.33,57000.0
Inpatient,4601,7,7,133000.0,19000.0,20000.0
Inpatient,4319,15,15,133000.0,8866.67,7000.0
Inpatient,5793,10,10,132000.0,13200.0,10000.0
Inpatient,5372,6,6,131000.0,21833.33,13500.0
Inpatient,4651,13,13,130000.0,10000.0,9000.0
Inpatient,4852,8,8,129000.0,16125.0,10000.0
Inpatient,5101,13,13,129000.0,9923.08,7000.0
Inpatient,0293,8,8,128600.0,16075.0,14000.0
Inpatient,3174,6,6,128000.0,21333.33,18000.0
Inpatient,5362,16,16,126000.0,7875.0,8000.0
Inpatient,3806,4,4,126000.0,31500.0,24500.0
Inpatient,4862,8,8,126000.0,15750.0,14500.0
Inpatient,5305,15,15,125000.0,8333.33,8000.0
Inpatient,4824,17,17,125000.0,7352.94,7000.0
Inpatient,0013,18,18,124000.0,6888.89,7000.0
Inpatient,9468,23,23,123000.0,5347.83,3000.0
Inpatient,741,25,24,120000.0,4800.0,4000.0
Inpatient,4641,5,5,119000.0,23800.0,26000.0
Inpatient,3403,3,3,119000.0,39666.67,45000.0
Inpatient,503,6,6,117000.0,19500.0,19000.0
Inpatient,3239,6,6,115000.0,19166.67,16000.0
Inpatient,2103,19,19,115000.0,6052.63,5000.0
Inpatient,3323,14,14,114000.0,8142.86,7000.0
Inpatient,8401,10,10,114000.0,11400.0,10000.0
Inpatient,8134,2,2,114000.0,57000.0,57000.0
Inpatient,3571,4,4,114000.0,28500.0,30000.0
Inpatient,4106,2,2,114000.0,57000.0,57000.0
Inpatient,0691,3,3,114000.0,38000.0,57000.0
Inpatient,3897,11,11,113000.0,10272.73,9000.0
Inpatient,7939,8,8,112000.0,14000.0,13000.0
Inpatient,7765,7,7,112000.0,16000.0,11000.0
Inpatient,3731,4,4,110000.0,27500.0,26500.0
Inpatient,436,4,4,109000.0,27250.0,27500.0
Inpatient,4463,3,3,108000.0,36000.0,33000.0
Inpatient,8011,3,3,108000.0,36000.0,39000.0
Inpatient,3953,6,6,108000.0,18000.0,17500.0
Inpatient,9439,16,16,107300.0,6706.25,4000.0
Inpatient,4881,11,11,107000.0,9727.27,11000.0
Inpatient,5733,14,14,107000.0,7642.86,7000.0
Inpatient,8843,16,16,107000.0,6687.5,6000.0
Inpatient,0062,3,3,107000.0,35666.67,36000.0
Inpatient,4674,4,4,107000.0,26750.0,20000.0
Inpatient,0202,4,4,106000.0,26500.0,25500.0
Inpatient,8849,12,12,106000.0,8833.33,8000.0
Inpatient,4389,6,6,106000.0,17666.67,13000.0
Inpatient,8541,22,22,105500.0,4795.45,4500.0
Inpatient,9411,12,12,105000.0,8750.0,5500.0
Inpatient,9922,8,8,105000.0,13125.0,8000.0
Inpatient,5504,8,8,104000.0,13000.0,10000.0
Inpatient,7867,11,11,104000.0,9454.55,9000.0
Inpatient,8609,13,13,104000.0,8000.0,5000.0
Inpatient,8876,21,21,103400.0,4923.81,4000.0
Inpatient,4103,2,2,103000.0,51500.0,51500.0
Inpatient,7789,4,4,103000.0,25750.0,26500.0
Inpatient,6839,11,11,103000.0,9363.64,7000.0
Inpatient,8076,5,5,102000.0,20400.0,12000.0
Inpatient,4241,3,3,102000.0,34000.0,30000.0
Inpatient,0353,5,5,102000.0,20400.0,10000.0
Inpatient,5014,7,7,102000.0,14571.43,11000.0
Inpatient,0722,7,7,102000.0,14571.43,11000.0
Inpatient,0302,5,5,102000.0,20400.0,12000.0
Inpatient,1735,8,8,101000.0,12625.0,12000.0
Inpatient,4242,3,3,101000.0,33666.67,33000.0
Inpatient,3998,6,6,100000.0,16666.67,15000.0
Inpatient,0014,9,9,100000.0,11111.11,10000.0
Inpatient,5022,6,6,99000.0,16500.0,16500.0
Inpatient,9359,16,16,99000.0,6187.5,5500.0
Inpatient,8404,2,2,99000.0,49500.0,49500.0
Inpatient,8667,5,5,99000.0,19800.0,10000.0
Inpatient,5651,6,6,99000.0,16500.0,15500.0
Inpatient,9749,11,11,98000.0,8909.09,9000.0
Inpatient,8521,11,11,98000.0,8909.09,7000.0
Inpatient,8188,6,6,98000.0,16333.33,13000.0
Inpatient,5795,11,11,98000.0,8909.09,8000.0
Inpatient,3616,3,3,98000.0,32666.67,21000.0
Inpatient,0481,12,12,98000.0,8166.67,7000.0
Inpatient,9914,11,11,97000.0,8818.18,8000.0
Inpatient,3607,8,8,96000.0,12000.0,12000.0
Inpatient,8774,18,18,96000.0,5333.33,4000.0
Inpatient,4876,8,8,96000.0,12000.0,10500.0
Inpatient,8314,6,6,96000.0,16000.0,16000.0
Inpatient,5061,3,3,95000.0,31666.67,21000.0
Inpatient,9605,7,7,94000.0,13428.57,7000.0
Inpatient,403,10,10,93000.0,9300.0,8000.0
Inpatient,7768,6,6,93000.0,15500.0,14500.0
Inpatient,8104,3,3,93000.0,31000.0,19000.0
Inpatient,5201,3,3,93000.0,31000.0,27000.0
Inpatient,9322,12,12,93000.0,7750.0,5000.0
Inpatient,8112,10,10,93000.0,9300.0,8000.0
Inpatient,3789,6,6,93000.0,15500.0,16500.0
Inpatient,4679,2,2,92000.0,46000.0,46000.0
Inpatient,7971,18,18,92000.0,5111.11,4500.0
Inpatient,343,4,4,89000.0,22250.0,20000.0
Inpatient,458,2,2,89000.0,44500.0,44500.0
Inpatient,8480,13,13,89000.0,6846.15,9000.0
Inpatient,9920,13,13,87800.0,6753.85,6000.0
Inpatient,3479,6,6,87000.0,14500.0,12000.0
Inpatient,8137,4,4,87000.0,21750.0,22000.0
Inpatient,3459,4,4,87000.0,21750.0,21500.0
Inpatient,7054,17,17,87000.0,5117.65,4000.0
Inpatient,8894,11,11,87000.0,7909.09,4000.0
Inpatient,7902,17,17,86000.0,5058.82,4000.0
Inpatient,8111,10,10,86000.0,8600.0,8000.0
Inpatient,5023,4,4,85000.0,21250.0,22500.0
Inpatient,8135,3,3,85000.0,28333.33,17000.0
Inpatient,3492,9,9,85000.0,9444.44,8000.0
Inpatient,2102,12,12,84000.0,7000.0,3500.0
Inpatient,4593,4,4,84000.0,21000.0,19000.0
Inpatient,0391,15,15,84000.0,5600.0,5000.0
Inpatient,7109,11,11,83800.0,7618.18,7000.0
Inpatient,5994,9,9,83000.0,9222.22,9000.0
Inpatient,8875,16,16,82200.0,5137.5,5000.0
Inpatient,537,7,7,82000.0,11714.29,10000.0
Inpatient,8332,5,5,82000.0,16400.0,8000.0
Inpatient,8753,3,3,82000.0,27333.33,22000.0
Inpatient,0329,2,2,82000.0,41000.0,41000.0
Inpatient,7916,5,5,82000.0,16400.0,10000.0
Inpatient,304,3,3,82000.0,27333.33,27000.0
Inpatient,0294,5,5,81000.0,16200.0,15000.0
Inpatient,806,4,4,81000.0,20250.0,22000.0
Inpatient,9419,11,11,80000.0,7272.73,8000.0
Inpatient,7631,2,2,80000.0,40000.0,40000.0
Inpatient,370,12,12,80000.0,6666.67,6500.0
Inpatient,5029,4,4,79000.0,19750.0,18000.0
Inpatient,0113,12,12,79000.0,6583.33,6000.0
Inpatient,062,14,14,79000.0,5642.86,4000.0
Inpatient,8968,8,8,78000.0,9750.0,10000.0
Inpatient,6816,8,8,78000.0,9750.0,8000.0
Inpatient,5359,7,7,78000.0,11142.86,9000.0
Inpatient,5717,12,12,78000.0,6500.0,5500.0
Inpatient,4836,16,16,77000.0,4812.5,4000.0
Inpatient,303,2,2,77000.0,38500.0,38500.0
Inpatient,5104,4,4,77000.0,19250.0,20000.0
Inpatient,7869,11,11,77000.0,7000.0,6000.0
Inpatient,4497,6,6,77000.0,12833.33,12000.0
Inpatient,3785,6,6,76000.0,12666.67,13000.0
Inpatient,7767,6,6,76000.0,12666.67,10000.0
Inpatient,0114,4,4,75000.0,18750.0,20500.0
Inpatient,8601,15,15,75000.0,5000.0,4000.0
Inpatient,0122,4,4,74000.0,18500.0,17000.0
Inpatient,9215,10,10,74000.0,7400.0,4500.0
Inpatient,270,7,7,74000.0,10571.43,8000.0
Inpatient,9918,16,16,74000.0,4625.0,4000.0
Inpatient,4901,6,6,74000.0,12333.33,10500.0
Inpatient,543,6,6,74000.0,12333.33,12000.0
Inpatient,0212,4,4,73000.0,18250.0,19000.0
Inpatient,8929,7,7,73000.0,10428.57,6000.0
Inpatient,8744,10,10,72000.0,7200.0,4500.0
Inpatient,7092,17,17,72000.0,4235.29,4000.0
Inpatient,8088,4,4,72000.0,18000.0,12000.0
Inpatient,8303,4,4,71000.0,17750.0,9000.0
Inpatient,9466,12,12,71000.0,5916.67,4500.0
Inpatient,3868,4,4,69000.0,17250.0,17500.0
Inpatient,3814,2,2,69000.0,34500.0,34500.0
Inpatient,8623,7,7,69000.0,9857.14,6000.0
Inpatient,7981,3,3,68000.0,22666.67,6000.0
Inpatient,8959,17,17,67000.0,3941.18,4000.0
Inpatient,3230,6,6,67000.0,11166.67,11500.0
Inpatient,8905,10,10,67000.0,6700.0,6000.0
Inpatient,8683,6,6,66000.0,11000.0,10500.0
Inpatient,5424,10,10,66000.0,6600.0,6500.0
Inpatient,3778,10,10,65900.0,6590.0,6500.0
Inpatient,9723,7,7,65000.0,9285.71,7000.0
Inpatient,8156,6,6,65000.0,10833.33,11000.0
Inpatient,7852,6,6,65000.0,10833.33,8500.0
Inpatient,5587,6,6,64000.0,10666.67,7000.0
Inpatient,7785,6,6,64000.0,10666.67,11000.0
Inpatient,0390,13,13,63900.0,4915.38,4000.0
Inpatient,8395,6,6,63000.0,10500.0,9500.0
Inpatient,8388,6,6,63000.0,10500.0,8000.0
Inpatient,3552,6,6,63000.0,10500.0,12000.0
Inpatient,5303,8,8,62800.0,7850.0,7000.0
Inpatient,9638,12,12,62100.0,5175.0,4500.0
Inpatient,5024,3,3,62000.0,20666.67,20000.0
Inpatient,9789,7,7,62000.0,8857.14,8000.0
Inpatient,3846,2,2,62000.0,31000.0,31000.0
Inpatient,7868,6,6,60000.0,10000.0,10500.0
Inpatient,3322,6,6,60000.0,10000.0,8000.0
Inpatient,9656,8,8,60000.0,7500.0,6000.0
Inpatient,5341,6,6,59000.0,9833.33,10000.0
Inpatient,9917,8,8,59000.0,7375.0,6000.0
Inpatient,8904,14,14,59000.0,4214.29,4500.0
Inpatient,6069,6,6,59000.0,9833.33,10000.0
Inpatient,5132,2,2,59000.0,29500.0,29500.0
Inpatient,1739,4,4,59000.0,14750.0,12000.0
Inpatient,9357,5,5,59000.0,11800.0,9000.0
Inpatient,3848,5,5,58000.0,11600.0,10000.0
Inpatient,7906,11,11,58000.0,5272.73,4000.0
Inpatient,8396,10,10,58000.0,5800.0,4500.0
Inpatient,7911,6,6,58000.0,9666.67,9000.0
Inpatient,9205,15,15,57700.0,3846.67,3000.0
Inpatient,5475,1,1,57000.0,57000.0,57000.0
Inpatient,3762,1,1,57000.0,57000.0,57000.0
Inpatient,5137,3,3,57000.0,19000.0,21000.0
Inpatient,526,1,1,57000.0,57000.0,57000.0
Inpatient,5222,1,1,57000.0,57000.0,57000.0
Inpatient,4639,8,8,57000.0,7125.0,6000.0
Inpatient,8671,1,1,57000.0,57000.0,57000.0
Inpatient,4681,1,1,57000.0,57000.0,57000.0
Inpatient,7741,3,3,57000.0,19000.0,12000.0
Inpatient,5380,1,1,57000.0,57000.0,57000.0
Inpatient,3699,1,1,57000.0,57000.0,57000.0
Inpatient,0398,1,1,57000.0,57000.0,57000.0
Inpatient,0692,1,1,57000.0,57000.0,57000.0
Inpatient,4592,1,1,57000.0,57000.0,57000.0
Inpatient,3796,1,1,57000.0,57000.0,57000.0
Inpatient,9227,9,9,56000.0,6222.22,6000.0
Inpatient,3956,3,3,56000.0,18666.67,17000.0
Inpatient,4401,1,1,56000.0,56000.0,56000.0
Inpatient,3732,2,2,56000.0,28000.0,28000.0
Inpatient,2769,1,1,55000.0,55000.0,55000.0
Inpatient,3774,5,5,55000.0,11000.0,10000.0
Inpatient,585,6,6,55000.0,9166.67,7000.0
Inpatient,7078,12,12,55000.0,4583.33,4500.0
Inpatient,8197,9,9,55000.0,6111.11,6000.0
Inpatient,8670,4,4,55000.0,13750.0,11000.0
Inpatient,5211,8,8,54000.0,6750.0,6000.0
Inpatient,9353,10,10,54000.0,5400.0,4500.0
Inpatient,3401,3,3,54000.0,18000.0,9000.0
Inpatient,4945,6,6,54000.0,9000.0,8500.0
Inpatient,7050,12,12,53000.0,4416.67,4000.0
Inpatient,604,6,6,53000.0,8833.33,9000.0
Inpatient,8962,5,5,53000.0,10600.0,8000.0
Inpatient,7760,2,2,53000.0,26500.0,26500.0
Inpatient,3527,1,1,52000.0,52000.0,52000.0
Inpatient,4946,8,8,52000.0,6500.0,5500.0
Inpatient,603,7,7,52000.0,7428.57,8000.0
Inpatient,2319,4,4,52000.0,13000.0,13500.0
Inpatient,2001,3,3,51600.0,17200.0,17000.0
Inpatient,0762,4,4,51000.0,12750.0,10000.0
Inpatient,8939,6,6,51000.0,8500.0,6500.0
Inpatient,9648,8,8,51000.0,6375.0,6500.0
Inpatient,8754,4,4,51000.0,12750.0,4000.0
Inpatient,4685,10,10,50900.0,5090.0,5000.0
Inpatient,586,12,12,50800.0,4233.33,5000.0
Inpatient,5412,3,3,50000.0,16666.67,13000.0
Inpatient,8749,6,6,50000.0,8333.33,8000.0
Inpatient,7782,4,4,50000.0,12500.0,12000.0
Inpatient,9971,7,7,50000.0,7142.86,6000.0
Inpatient,8694,3,3,50000.0,16666.67,11000.0
Inpatient,9608,6,6,49300.0,8216.67,9000.0
Inpatient,409,2,2,49000.0,24500.0,24500.0
Inpatient,341,2,2,49000.0,24500.0,24500.0
Inpatient,0359,3,3,49000.0,16333.33,11000.0
Inpatient,850,7,7,49000.0,7000.0,4000.0
Inpatient,6831,8,8,49000.0,6125.0,5500.0
Inpatient,9627,11,11,49000.0,4454.55,4000.0
Inpatient,7679,4,4,49000.0,12250.0,14500.0
Inpatient,5184,7,7,48000.0,6857.14,5000.0
Inpatient,4029,4,4,48000.0,12000.0,11000.0
Inpatient,7748,4,4,48000.0,12000.0,12500.0
Inpatient,9649,7,7,48000.0,6857.14,4000.0
Inpatient,3199,3,3,48000.0,16000.0,18000.0
Inpatient,8663,2,2,48000.0,24000.0,24000.0
Inpatient,9984,7,7,47200.0,6742.86,7000.0
Inpatient,6563,7,7,47000.0,6714.29,5000.0
Inpatient,2932,4,4,47000.0,11750.0,9000.0
Inpatient,8751,7,7,47000.0,6714.29,6000.0
Inpatient,3791,2,2,47000.0,23500.0,23500.0
Inpatient,9751,9,9,47000.0,5222.22,5000.0
Inpatient,3201,2,2,47000.0,23500.0,23500.0
Inpatient,9375,5,5,47000.0,9400.0,8000.0
Inpatient,7077,10,10,47000.0,4700.0,4500.0
Inpatient,5719,6,6,47000.0,7833.33,8500.0
Inpatient,8844,7,7,46000.0,6571.43,6000.0
Inpatient,8183,6,6,46000.0,7666.67,7500.0
Inpatient,9423,10,10,45000.0,4500.0,5500.0
Inpatient,2252,1,1,45000.0,45000.0,45000.0
Inpatient,8184,4,4,45000.0,11250.0,11000.0
Inpatient,9969,9,9,45000.0,5000.0,6000.0
Inpatient,7817,4,4,45000.0,11250.0,10500.0
Inpatient,9670,3,3,45000.0,15000.0,14000.0
Inpatient,0393,6,6,45000.0,7500.0,7500.0
Inpatient,8582,1,1,45000.0,45000.0,45000.0
Inpatient,7912,8,8,45000.0,5625.0,6000.0
Inpatient,4024,5,5,45000.0,9000.0,8000.0
Inpatient,2931,3,3,45000.0,15000.0,12000.0
Inpatient,7937,3,3,44000.0,14666.67,8000.0
Inpatient,8364,7,7,44000.0,6285.71,5000.0
Inpatient,0681,4,4,44000.0,11000.0,13000.0
Inpatient,5474,2,2,44000.0,22000.0,22000.0
Inpatient,5102,1,1,44000.0,44000.0,44000.0
Inpatient,6241,2,2,44000.0,22000.0,22000.0
Inpatient,4642,3,3,44000.0,14666.67,7000.0
Inpatient,6909,8,8,44000.0,5500.0,5000.0
Inpatient,8100,1,1,44000.0,44000.0,44000.0
Inpatient,5349,7,7,43000.0,6142.86,5000.0
Inpatient,5171,2,2,43000.0,21500.0,21500.0
Inpatient,3780,4,4,43000.0,10750.0,11000.0
Inpatient,9391,3,3,43000.0,14333.33,7000.0
Inpatient,6869,4,4,43000.0,10750.0,12000.0
Inpatient,3598,1,1,43000.0,43000.0,43000.0
Inpatient,7786,6,6,43000.0,7166.67,6500.0
Inpatient,3511,1,1,43000.0,43000.0,43000.0
Inpatient,7053,10,10,42100.0,4210.0,4500.0
Inpatient,9928,8,8,42000.0,5250.0,5500.0
Inpatient,623,2,2,42000.0,21000.0,21000.0
Inpatient,4835,7,7,42000.0,6000.0,6000.0
Inpatient,5893,4,4,42000.0,10500.0,8000.0
Inpatient,344,4,4,42000.0,10500.0,11000.0
Inpatient,2759,1,1,42000.0,42000.0,42000.0
Inpatient,539,3,3,42000.0,14000.0,18000.0
Inpatient,6496,2,2,42000.0,21000.0,21000.0
Inpatient,5209,1,1,42000.0,42000.0,42000.0
Inpatient,8344,2,2,42000.0,21000.0,21000.0
Inpatient,8085,5,5,42000.0,8400.0,10000.0
Inpatient,5501,6,6,41000.0,6833.33,7000.0
Inpatient,8777,7,7,41000.0,5857.14,5000.0
Inpatient,5280,1,1,41000.0,41000.0,41000.0
Inpatient,7051,9,9,41000.0,4555.56,4000.0
Inpatient,3883,2,2,41000.0,20500.0,20500.0
Inpatient,0609,3,3,41000.0,13666.67,5000.0
Inpatient,4289,1,1,41000.0,41000.0,41000.0
Inpatient,2743,3,3,40000.0,13333.33,13000.0
Inpatient,1682,2,2,40000.0,20000.0,20000.0
Inpatient,8941,13,12,40000.0,3076.92,3000.0
Inpatient,8853,6,5,40000.0,6666.67,6000.0
Inpatient,6094,4,4,39000.0,9750.0,9500.0
Inpatient,8136,3,3,39000.0,13000.0,18000.0
Inpatient,4223,6,6,39000.0,6500.0,6500.0
Inpatient,762,3,3,39000.0,13000.0,6000.0
Inpatient,8413,2,2,39000.0,19500.0,19500.0
Inpatient,485,2,2,39000.0,19500.0,19500.0
Inpatient,8313,5,5,39000.0,7800.0,5000.0
Inpatient,7815,3,3,39000.0,13000.0,10000.0
Inpatient,3885,1,1,39000.0,39000.0,39000.0
Inpatient,9999,11,11,38000.0,3454.55,3000.0
Inpatient,3606,3,3,38000.0,12666.67,9000.0
Inpatient,643,2,2,38000.0,19000.0,19000.0
Inpatient,8675,2,2,38000.0,19000.0,19000.0
Inpatient,4623,2,2,38000.0,19000.0,19000.0
Inpatient,8695,3,3,38000.0,12666.67,12000.0
Inpatient,8542,7,7,38000.0,5428.57,5000.0
Inpatient,7674,2,2,38000.0,19000.0,19000.0
Inpatient,8087,4,4,38000.0,9500.0,9000.0
Inpatient,7859,2,2,38000.0,19000.0,19000.0
Inpatient,3773,2,2,38000.0,19000.0,19000.0
Inpatient,8001,4,4,38000.0,9500.0,10000.0
Inpatient,9464,8,8,37000.0,4625.0,4000.0
Inpatient,4019,3,3,37000.0,12333.33,11000.0
Inpatient,5533,2,2,37000.0,18500.0,18500.0
Inpatient,3888,2,2,37000.0,18500.0,18500.0
Inpatient,8046,5,5,37000.0,7400.0,6000.0
Inpatient,6861,4,4,37000.0,9250.0,9500.0
Inpatient,7966,3,3,37000.0,12333.33,11000.0
Inpatient,4632,6,6,37000.0,6166.67,6000.0
Inpatient,5534,3,3,36000.0,12000.0,12000.0
Inpatient,3603,1,1,36000.0,36000.0,36000.0
Inpatient,3777,2,2,36000.0,18000.0,18000.0
Inpatient,8456,3,3,36000.0,12000.0,12000.0
Inpatient,8361,3,3,35000.0,11666.67,6000.0
Inpatient,5296,1,1,35000.0,35000.0,35000.0
Inpatient,5169,1,1,35000.0,35000.0,35000.0
Inpatient,8666,3,3,35000.0,11666.67,11000.0
Inpatient,0652,5,5,35000.0,7000.0,7000.0
Inpatient,7024,4,4,34000.0,8500.0,8500.0
Inpatient,7857,4,4,34000.0,8500.0,8000.0
Inpatient,0052,1,1,34000.0,34000.0,34000.0
Inpatient,5674,3,3,34000.0,11333.33,7000.0
Inpatient,8845,7,7,34000.0,4857.14,4000.0
Inpatient,8874,4,4,34000.0,8500.0,6500.0
Inpatient,8363,7,7,34000.0,4857.14,5000.0
Inpatient,5593,5,5,34000.0,6800.0,5000.0
Inpatient,3631,1,1,34000.0,34000.0,34000.0
Inpatient,5012,2,2,34000.0,17000.0,17000.0
Inpatient,4672,2,2,34000.0,17000.0,17000.0
Inpatient,3481,2,2,34000.0,17000.0,17000.0
Inpatient,4533,2,2,33000.0,16500.0,16500.0
Inpatient,0115,1,1,33000.0,33000.0,33000.0
Inpatient,5069,1,1,33000.0,33000.0,33000.0
Inpatient,5091,4,4,33000.0,8250.0,8000.0
Inpatient,4849,2,2,33000.0,16500.0,16500.0
Inpatient,5183,1,1,33000.0,33000.0,33000.0
Inpatient,4530,4,4,33000.0,8250.0,7000.0
Inpatient,5779,1,1,33000.0,33000.0,33000.0
Inpatient,2911,7,7,33000.0,4714.29,4000.0
Inpatient,445,1,1,33000.0,33000.0,33000.0
Inpatient,8761,4,4,33000.0,8250.0,7500.0
Inpatient,8689,1,1,33000.0,33000.0,33000.0
Inpatient,4850,2,2,33000.0,16500.0,16500.0
Inpatient,8511,4,4,32000.0,8000.0,7500.0
Inpatient,9438,6,6,32000.0,5333.33,4500.0
Inpatient,1879,3,3,32000.0,10666.67,10000.0
Inpatient,3711,1,1,32000.0,32000.0,32000.0
Inpatient,9762,5,5,32000.0,6400.0,4000.0
Inpatient,4671,1,1,32000.0,32000.0,32000.0
Inpatient,8857,7,7,31200.0,4457.14,5000.0
Inpatient,5363,4,4,31000.0,7750.0,4500.0
Inpatient,8385,2,2,31000.0,15500.0,15500.0
Inpatient,4051,3,3,31000.0,10333.33,8000.0
Inpatient,9336,2,2,31000.0,15500.0,15500.0
Inpatient,6541,5,5,31000.0,6200.0,4000.0
Inpatient,7179,7,7,31000.0,4428.57,4000.0
Inpatient,8964,4,4,31000.0,7750.0,7000.0
Inpatient,3894,3,3,31000.0,10333.33,6000.0
Inpatient,9204,3,3,31000.0,10333.33,10000.0
Inpatient,3805,1,1,31000.0,31000.0,31000.0
Inpatient,4621,1,1,31000.0,31000.0,31000.0
Inpatient,8147,5,5,31000.0,6200.0,7000.0
Inpatient,4193,1,1,31000.0,31000.0,31000.0
Inpatient,2181,9,9,31000.0,3444.44,3000.0
Inpatient,7985,3,3,31000.0,10333.33,10000.0
Inpatient,7813,4,4,31000.0,7750.0,6500.0
Inpatient,8233,3,3,31000.0,10333.33,6000.0
Inpatient,8095,2,2,30000.0,15000.0,15000.0
Inpatient,1151,2,2,30000.0,15000.0,15000.0
Inpatient,4583,1,1,30000.0,30000.0,30000.0
Inpatient,5461,3,3,30000.0,10000.0,9000.0
Inpatient,708,4,4,30000.0,7500.0,5000.0
Inpatient,0015,1,1,30000.0,30000.0,30000.0
Inpatient,7965,3,3,30000.0,10000.0,11000.0
Inpatient,2630,4,4,30000.0,7500.0,6000.0
Inpatient,4851,1,1,30000.0,30000.0,30000.0
Inpatient,3514,1,1,30000.0,30000.0,30000.0
Inpatient,0153,1,1,30000.0,30000.0,30000.0
Inpatient,5423,2,2,30000.0,15000.0,15000.0
Inpatient,4843,1,1,30000.0,30000.0,30000.0
Inpatient,4823,7,7,30000.0,4285.71,4000.0
Inpatient,2263,2,2,30000.0,15000.0,15000.0
Inpatient,2631,3,3,30000.0,10000.0,4000.0
Inpatient,1713,2,2,30000.0,15000.0,15000.0
Inpatient,4871,1,1,29000.0,29000.0,29000.0
Inpatient,5114,3,3,29000.0,9666.67,11000.0
Inpatient,9311,2,2,29000.0,14500.0,14500.0
Inpatient,5631,3,3,29000.0,9666.67,7000.0
Inpatient,7761,2,2,29000.0,14500.0,14500.0
Inpatient,043,2,2,29000.0,14500.0,14500.0
Inpatient,3954,1,1,29000.0,29000.0,29000.0
Inpatient,7863,2,2,29000.0,14500.0,14500.0
Inpatient,7905,6,6,29000.0,4833.33,5000.0
Inpatient,3813,1,1,29000.0,29000.0,29000.0
Inpatient,0441,2,2,29000.0,14500.0,14500.0
Inpatient,4522,5,5,29000.0,5800.0,6000.0
Inpatient,5641,3,3,29000.0,9666.67,10000.0
Inpatient,9228,3,3,28000.0,9333.33,9000.0
Inpatient,7901,7,7,28000.0,4000.0,3000.0
Inpatient,5781,1,1,28000.0,28000.0,28000.0
Inpatient,9963,1,1,28000.0,28000.0,28000.0
Inpatient,8026,1,1,28000.0,28000.0,28000.0
Inpatient,0206,4,4,28000.0,7000.0,6500.0
Inpatient,6062,4,4,28000.0,7000.0,7000.0
Inpatient,4995,2,2,28000.0,14000.0,14000.0
Inpatient,2632,3,3,28000.0,9333.33,11000.0
Inpatient,3725,5,5,28000.0,5600.0,5000.0
Inpatient,8828,2,2,27000.0,13500.0,13500.0
Inpatient,9703,4,4,27000.0,6750.0,7000.0
Inpatient,3321,3,3,27000.0,9000.0,9000.0
Inpatient,8873,4,4,27000.0,6750.0,7500.0
Inpatient,8544,6,6,27000.0,4500.0,4000.0
Inpatient,8139,1,1,27000.0,27000.0,27000.0
Inpatient,594,6,6,27000.0,4500.0,4500.0
Inpatient,435,1,1,27000.0,27000.0,27000.0
Inpatient,4694,1,1,27000.0,27000.0,27000.0
Inpatient,9926,4,4,27000.0,6750.0,5000.0
Inpatient,310,3,3,27000.0,9000.0,7000.0
Inpatient,9449,4,4,27000.0,6750.0,6500.0
Inpatient,6497,6,6,27000.0,4500.0,5500.0
Inpatient,9467,5,5,26500.0,5300.0,5000.0
Inpatient,7796,1,1,26000.0,26000.0,26000.0
Inpatient,5293,2,2,26000.0,13000.0,13000.0
Inpatient,8086,4,4,26000.0,6500.0,5500.0
Inpatient,7781,2,2,26000.0,13000.0,13000.0
Inpatient,6879,2,2,26000.0,13000.0,13000.0
Inpatient,9413,2,2,26000.0,13000.0,13000.0
Inpatient,8721,6,6,26000.0,4333.33,4500.0
Inpatient,0781,1,1,26000.0,26000.0,26000.0
Inpatient,7742,1,1,26000.0,26000.0,26000.0
Inpatient,0083,5,5,26000.0,5200.0,6000.0
Inpatient,9738,5,5,26000.0,5200.0,7000.0
Inpatient,3224,2,2,26000.0,13000.0,13000.0
Inpatient,7359,11,11,26000.0,2363.64,2000.0
Inpatient,7805,2,2,26000.0,13000.0,13000.0
Inpatient,4840,3,3,26000.0,8666.67,7000.0
Inpatient,4531,1,1,26000.0,26000.0,26000.0
Inpatient,184,6,6,25100.0,4183.33,4500.0
Inpatient,4613,2,2,25000.0,12500.0,12500.0
Inpatient,9851,5,5,25000.0,5000.0,5000.0
Inpatient,5342,2,2,25000.0,12500.0,12500.0
Inpatient,9312,1,1,25000.0,25000.0,25000.0
Inpatient,3424,2,2,24000.0,12000.0,12000.0
Inpatient,5301,2,2,24000.0,12000.0,12000.0
Inpatient,0412,1,1,24000.0,24000.0,24000.0
Inpatient,4059,3,3,24000.0,8000.0,8000.0
Inpatient,4422,6,6,24000.0,4000.0,4500.0
Inpatient,9214,5,5,24000.0,4800.0,6000.0
Inpatient,3423,3,3,24000.0,8000.0,9000.0
Inpatient,835,5,5,23400.0,4680.0,5000.0
Inpatient,251,2,2,23000.0,11500.0,11500.0
Inpatient,7012,1,1,23000.0,23000.0,23000.0
Inpatient,5524,3,3,23000.0,7666.67,6000.0
Inpatient,4414,2,2,23000.0,11500.0,11500.0
Inpatient,4620,1,1,23000.0,23000.0,23000.0
Inpatient,9422,1,1,23000.0,23000.0,23000.0
Inpatient,8773,3,3,23000.0,7666.67,6000.0
Inpatient,245,2,2,23000.0,11500.0,11500.0
Inpatient,6549,3,3,23000.0,7666.67,9000.0
Inpatient,5375,1,1,23000.0,23000.0,23000.0
Inpatient,3832,2,2,23000.0,11500.0,11500.0
Inpatient,8596,1,1,23000.0,23000.0,23000.0
Inpatient,8391,1,1,23000.0,23000.0,23000.0
Inpatient,9787,2,2,23000.0,11500.0,11500.0
Inpatient,7052,6,6,22000.0,3666.67,4000.0
Inpatient,9435,3,3,22000.0,7333.33,8000.0
Inpatient,282,2,2,22000.0,11000.0,11000.0
Inpatient,4514,4,4,22000.0,5500.0,3500.0
Inpatient,8847,4,4,22000.0,5500.0,6000.0
Inpatient,3425,3,3,22000.0,7333.33,8000.0
Inpatient,8047,2,2,22000.0,11000.0,11000.0
Inpatient,2751,3,3,22000.0,7333.33,7000.0
Inpatient,7762,4,4,22000.0,5500.0,6500.0
Inpatient,4686,2,2,22000.0,11000.0,11000.0
Inpatient,9367,2,2,22000.0,11000.0,11000.0
Inpatient,5026,1,1,21000.0,21000.0,21000.0
Inpatient,9223,3,3,21000.0,7000.0,7000.0
Inpatient,7853,2,2,21000.0,10500.0,10500.0
Inpatient,8866,5,5,21000.0,4200.0,4000.0
Inpatient,0611,3,3,21000.0,7000.0,6000.0
Inpatient,5317,3,3,21000.0,7000.0,6000.0
Inpatient,9381,2,2,21000.0,10500.0,10500.0
Inpatient,3009,3,3,21000.0,7000.0,8000.0
Inpatient,8013,2,2,21000.0,10500.0,10500.0
Inpatient,6651,1,1,21000.0,21000.0,21000.0
Inpatient,8769,3,3,20000.0,6666.67,5000.0
Inpatient,8775,2,2,20000.0,10000.0,10000.0
Inpatient,8126,1,1,20000.0,20000.0,20000.0
Inpatient,4571,1,1,20000.0,20000.0,20000.0
Inpatient,7079,5,5,20000.0,4000.0,4000.0
Inpatient,562,1,1,20000.0,20000.0,20000.0
Inpatient,3786,2,2,20000.0,10000.0,10000.0
Inpatient,0765,2,2,20000.0,10000.0,10000.0
Inpatient,0063,2,2,20000.0,10000.0,10000.0
Inpatient,8823,1,1,20000.0,20000.0,20000.0
Inpatient,3863,1,1,20000.0,20000.0,20000.0
Inpatient,8115,2,2,20000.0,10000.0,10000.0
Inpatient,7962,3,3,20000.0,6666.67,7000.0
Inpatient,3402,1,1,20000.0,20000.0,20000.0
Inpatient,5511,1,1,20000.0,20000.0,20000.0
Inpatient,0449,3,3,19600.0,6533.33,8000.0
Inpatient,5321,2,2,19200.0,9600.0,9600.0
Inpatient,9774,1,1,19000.0,19000.0,19000.0
Inpatient,5792,4,4,19000.0,4750.0,4500.0
Inpatient,5111,3,3,19000.0,6333.33,6000.0
Inpatient,280,2,2,19000.0,9500.0,9500.0
Inpatient,9981,2,2,19000.0,9500.0,9500.0
Inpatient,3393,1,1,19000.0,19000.0,19000.0
Inpatient,7161,3,3,19000.0,6333.33,6000.0
Inpatient,688,1,1,19000.0,19000.0,19000.0
Inpatient,9202,4,4,19000.0,4750.0,5000.0
Inpatient,4534,1,1,19000.0,19000.0,19000.0
Inpatient,5759,2,2,19000.0,9500.0,9500.0
Inpatient,8375,2,2,19000.0,9500.0,9500.0
Inpatient,5193,1,1,19000.0,19000.0,19000.0
Inpatient,4993,3,3,19000.0,6333.33,6000.0
Inpatient,8696,1,1,19000.0,19000.0,19000.0
Inpatient,5783,1,1,19000.0,19000.0,19000.0
Inpatient,5013,2,2,18000.0,9000.0,9000.0
Inpatient,7093,4,4,18000.0,4500.0,4500.0
Inpatient,4563,1,1,18000.0,18000.0,18000.0
Inpatient,9652,3,3,18000.0,6000.0,3000.0
Inpatient,3398,1,1,18000.0,18000.0,18000.0
Inpatient,3720,5,5,18000.0,3600.0,3000.0
Inpatient,7611,1,1,18000.0,18000.0,18000.0
Inpatient,9226,3,3,18000.0,6000.0,5000.0
Inpatient,4415,1,1,18000.0,18000.0,18000.0
Inpatient,7711,1,1,18000.0,18000.0,18000.0
Inpatient,3990,3,3,18000.0,6000.0,5000.0
Inpatient,8938,3,3,18000.0,6000.0,6000.0
Inpatient,0011,2,2,17000.0,8500.0,8500.0
Inpatient,5642,2,2,17000.0,8500.0,8500.0
Inpatient,2262,1,1,17000.0,17000.0,17000.0
Inpatient,2501,3,3,17000.0,5666.67,6000.0
Inpatient,3975,1,1,17000.0,17000.0,17000.0
Inpatient,8245,3,3,17000.0,5666.67,5000.0
Inpatient,8133,1,1,17000.0,17000.0,17000.0
Inpatient,2309,3,3,17000.0,5666.67,5000.0
Inpatient,0492,2,2,17000.0,8500.0,8500.0
Inpatient,7986,2,2,17000.0,8500.0,8500.0
Inpatient,2188,2,2,16000.0,8000.0,8000.0
Inpatient,6871,1,1,16000.0,16000.0,16000.0
Inpatient,9399,3,3,16000.0,5333.33,6000.0
Inpatient,6712,2,2,16000.0,8000.0,8000.0
Inpatient,4676,1,1,16000.0,16000.0,16000.0
Inpatient,8113,2,2,16000.0,8000.0,8000.0
Inpatient,3222,1,1,16000.0,16000.0,16000.0
Inpatient,5300,2,2,16000.0,8000.0,8000.0
Inpatient,7072,1,1,16000.0,16000.0,16000.0
Inpatient,8512,2,2,16000.0,8000.0,8000.0
Inpatient,8960,1,1,16000.0,16000.0,16000.0
Inpatient,5381,1,1,16000.0,16000.0,16000.0
Inpatient,5784,1,1,16000.0,16000.0,16000.0
Inpatient,2189,2,2,16000.0,8000.0,8000.0
Inpatient,4979,3,3,16000.0,5333.33,5000.0
Inpatient,5213,2,2,16000.0,8000.0,8000.0
Inpatient,3843,1,1,16000.0,16000.0,16000.0
Inpatient,7569,6,6,16000.0,2666.67,2500.0
Inpatient,7862,2,2,16000.0,8000.0,8000.0
Inpatient,3427,1,1,16000.0,16000.0,16000.0
Inpatient,0782,1,1,15000.0,15000.0,15000.0
Inpatient,331,1,1,15000.0,15000.0,15000.0
Inpatient,427,1,1,15000.0,15000.0,15000.0
Inpatient,3339,1,1,15000.0,15000.0,15000.0
Inpatient,8039,2,2,15000.0,7500.0,7500.0
Inpatient,9761,2,2,15000.0,7500.0,7500.0
Inpatient,4431,2,2,15000.0,7500.0,7500.0
Inpatient,5535,1,1,15000.0,15000.0,15000.0
Inpatient,9815,2,2,15000.0,7500.0,7500.0
Inpatient,0085,2,2,15000.0,7500.0,7500.0
Inpatient,3259,1,1,15000.0,15000.0,15000.0
Inpatient,9802,2,2,15000.0,7500.0,7500.0
Inpatient,8144,2,2,15000.0,7500.0,7500.0
Inpatient,8951,4,4,15000.0,3750.0,3500.0
Inpatient,5552,1,1,15000.0,15000.0,15000.0
Inpatient,2042,2,2,15000.0,7500.0,7500.0
Inpatient,2171,3,3,14000.0,4666.67,5000.0
Inpatient,631,1,1,14000.0,14000.0,14000.0
Inpatient,4682,1,1,14000.0,14000.0,14000.0
Inpatient,8414,2,2,14000.0,7000.0,7000.0
Inpatient,0397,2,2,14000.0,7000.0,7000.0
Inpatient,8461,1,1,14000.0,14000.0,14000.0
Inpatient,1712,1,1,14000.0,14000.0,14000.0
Inpatient,5640,1,1,14000.0,14000.0,14000.0
Inpatient,9609,3,3,14000.0,4666.67,5000.0
Inpatient,3999,1,1,14000.0,14000.0,14000.0
Inpatient,0401,1,1,14000.0,14000.0,14000.0
Inpatient,7837,2,2,14000.0,7000.0,7000.0
Inpatient,4581,1,1,14000.0,14000.0,14000.0
Inpatient,0443,2,2,14000.0,7000.0,7000.0
Inpatient,5492,1,1,14000.0,14000.0,14000.0
Inpatient,5843,2,2,14000.0,7000.0,7000.0
Inpatient,4053,1,1,14000.0,14000.0,14000.0
Inpatient,5472,2,2,14000.0,7000.0,7000.0
Inpatient,7751,2,2,14000.0,7000.0,7000.0
Inpatient,9633,3,3,13000.0,4333.33,4000.0
Inpatient,214,1,1,13000.0,13000.0,13000.0
Inpatient,9906,3,3,13000.0,4333.33,3000.0
Inpatient,9903,2,2,13000.0,6500.0,6500.0
Inpatient,8937,2,2,13000.0,6500.0,6500.0
Inpatient,9974,1,1,13000.0,13000.0,13000.0
Inpatient,2172,1,1,13000.0,13000.0,13000.0
Inpatient,6512,1,1,13000.0,13000.0,13000.0
Inpatient,7934,1,1,13000.0,13000.0,13000.0
Inpatient,0523,1,1,13000.0,13000.0,13000.0
Inpatient,3809,1,1,13000.0,13000.0,13000.0
Inpatient,9218,2,2,13000.0,6500.0,6500.0
Inpatient,6498,2,2,13000.0,6500.0,6500.0
Inpatient,7764,1,1,13000.0,13000.0,13000.0
Inpatient,8201,2,2,13000.0,6500.0,6500.0
Inpatient,9939,1,1,13000.0,13000.0,13000.0
Inpatient,042,2,2,13000.0,6500.0,6500.0
Inpatient,9461,3,3,12700.0,4233.33,2000.0
Inpatient,5846,2,2,12000.0,6000.0,6000.0
Inpatient,5292,1,1,12000.0,12000.0,12000.0
Inpatient,5329,1,1,12000.0,12000.0,12000.0
Inpatient,252,2,2,12000.0,6000.0,6000.0
Inpatient,7643,1,1,12000.0,12000.0,12000.0
Inpatient,036,1,1,12000.0,12000.0,12000.0
Inpatient,8909,3,3,12000.0,4000.0,4000.0
Inpatient,4595,1,1,12000.0,12000.0,12000.0
Inpatient,7847,1,1,12000.0,12000.0,12000.0
Inpatient,5094,2,2,12000.0,6000.0,6000.0
Inpatient,7845,1,1,12000.0,12000.0,12000.0
Inpatient,3880,1,1,12000.0,12000.0,12000.0
Inpatient,8771,2,2,12000.0,6000.0,6000.0
Inpatient,8819,2,2,12000.0,6000.0,6000.0
Inpatient,4449,1,1,12000.0,12000.0,12000.0
Inpatient,9959,3,3,12000.0,4000.0,3000.0
Inpatient,9729,3,3,12000.0,4000.0,4000.0
Inpatient,5799,1,1,12000.0,12000.0,12000.0
Inpatient,5586,1,1,12000.0,12000.0,12000.0
Inpatient,7171,2,2,12000.0,6000.0,6000.0
Inpatient,8903,4,4,12000.0,3000.0,3000.0
Inpatient,3889,1,1,11000.0,11000.0,11000.0
Inpatient,8966,1,1,11000.0,11000.0,11000.0
Inpatient,3810,2,2,11000.0,5500.0,5500.0
Inpatient,4021,1,1,11000.0,11000.0,11000.0
Inpatient,7766,1,1,11000.0,11000.0,11000.0
Inpatient,8855,1,1,11000.0,11000.0,11000.0
Inpatient,8672,2,2,11000.0,5500.0,5500.0
Inpatient,8114,2,2,11000.0,5500.0,5500.0
Inpatient,4912,1,1,11000.0,11000.0,11000.0
Inpatient,2749,2,2,11000.0,5500.0,5500.0
Inpatient,8523,2,2,11000.0,5500.0,5500.0
Inpatient,7055,2,2,11000.0,5500.0,5500.0
Inpatient,8002,1,1,11000.0,11000.0,11000.0
Inpatient,8386,3,3,11000.0,3666.67,5000.0
Inpatient,3993,2,2,11000.0,5500.0,5500.0
Inpatient,7841,1,1,11000.0,11000.0,11000.0
Inpatient,5221,1,1,11000.0,11000.0,11000.0
Inpatient,9625,2,2,11000.0,5500.0,5500.0
Inpatient,0493,1,1,11000.0,11000.0,11000.0
Inpatient,9402,1,1,11000.0,11000.0,11000.0
Inpatient,8044,1,1,11000.0,11000.0,11000.0
Inpatient,0332,1,1,11000.0,11000.0,11000.0
Inpatient,0531,3,3,11000.0,3666.67,3000.0
Inpatient,0128,1,1,11000.0,11000.0,11000.0
Inpatient,8961,1,1,11000.0,11000.0,11000.0
Inpatient,9308,3,3,10000.0,3333.33,4000.0
Inpatient,8724,2,2,10000.0,5000.0,5000.0
Inpatient,8038,1,1,10000.0,10000.0,10000.0
Inpatient,2811,1,1,10000.0,10000.0,10000.0
Inpatient,8759,1,1,10000.0,10000.0,10000.0
Inpatient,8863,1,1,10000.0,10000.0,10000.0
Inpatient,7864,1,1,10000.0,10000.0,10000.0
Inpatient,5822,2,2,10000.0,5000.0,5000.0
Inpatient,9938,2,2,10000.0,5000.0,5000.0
Inpatient,9326,3,3,10000.0,3333.33,4000.0
Inpatient,4040,1,1,10000.0,10000.0,10000.0
Inpatient,4464,1,1,10000.0,10000.0,10000.0
Inpatient,5143,1,1,10000.0,10000.0,10000.0
Inpatient,3991,1,1,10000.0,10000.0,10000.0
Inpatient,8418,1,1,10000.0,10000.0,10000.0
Inpatient,6495,1,1,10000.0,10000.0,10000.0
Inpatient,3727,1,1,10000.0,10000.0,10000.0
Inpatient,8536,2,2,10000.0,5000.0,5000.0
Inpatient,5839,2,2,10000.0,5000.0,5000.0
Inpatient,640,1,1,10000.0,10000.0,10000.0
Inpatient,5689,1,1,10000.0,10000.0,10000.0
Inpatient,9626,3,3,10000.0,3333.33,4000.0
Inpatient,5162,1,1,10000.0,10000.0,10000.0
Inpatient,2611,1,1,10000.0,10000.0,10000.0
Inpatient,4874,1,1,10000.0,10000.0,10000.0
Inpatient,0716,1,1,10000.0,10000.0,10000.0
Inpatient,3770,1,1,10000.0,10000.0,10000.0
Inpatient,7787,1,1,9000.0,9000.0,9000.0
Inpatient,8077,1,1,9000.0,9000.0,9000.0
Inpatient,9714,1,1,9000.0,9000.0,9000.0
Inpatient,9781,1,1,9000.0,9000.0,9000.0
Inpatient,8482,1,1,9000.0,9000.0,9000.0
Inpatient,0207,1,1,9000.0,9000.0,9000.0
Inpatient,3961,1,1,9000.0,9000.0,9000.0
Inpatient,7856,1,1,9000.0,9000.0,9000.0
Inpatient,2202,1,1,9000.0,9000.0,9000.0
Inpatient,8159,1,1,9000.0,9000.0,9000.0
Inpatient,9737,1,1,9000.0,9000.0,9000.0
Inpatient,4413,2,2,9000.0,4500.0,4500.0
Inpatient,1281,2,2,9000.0,4500.0,4500.0
Inpatient,9988,2,2,9000.0,4500.0,4500.0
Inpatient,0101,1,1,9000.0,9000.0,9000.0
Inpatient,0053,1,1,9000.0,9000.0,9000.0
Inpatient,287,1,1,9000.0,9000.0,9000.0
Inpatient,610,2,2,9000.0,4500.0,4500.0
Inpatient,7933,1,1,9000.0,9000.0,9000.0
Inpatient,0442,1,1,9000.0,9000.0,9000.0
Inpatient,1474,2,2,9000.0,4500.0,4500.0
Inpatient,7662,1,1,9000.0,9000.0,9000.0
Inpatient,7791,1,1,9000.0,9000.0,9000.0
Inpatient,5902,1,1,9000.0,9000.0,9000.0
Inpatient,734,2,2,9000.0,4500.0,4500.0
Inpatient,9361,1,1,9000.0,9000.0,9000.0
Inpatient,6539,1,1,9000.0,9000.0,9000.0
Inpatient,9659,1,1,9000.0,9000.0,9000.0
Inpatient,8574,1,1,9000.0,9000.0,9000.0
Inpatient,0889,1,1,9000.0,9000.0,9000.0
Inpatient,3391,1,1,9000.0,9000.0,9000.0
Inpatient,4054,2,2,8000.0,4000.0,4000.0
Inpatient,8814,1,1,8000.0,8000.0,8000.0
Inpatient,4875,1,1,8000.0,8000.0,8000.0
Inpatient,8018,1,1,8000.0,8000.0,8000.0
Inpatient,8381,1,1,8000.0,8000.0,8000.0
Inpatient,5214,1,1,8000.0,8000.0,8000.0
Inpatient,8162,1,1,8000.0,8000.0,8000.0
Inpatient,9764,1,1,8000.0,8000.0,8000.0
Inpatient,073,1,1,8000.0,8000.0,8000.0
Inpatient,2131,1,1,8000.0,8000.0,8000.0
Inpatient,9052,1,1,8000.0,8000.0,8000.0
Inpatient,9705,2,2,8000.0,4000.0,4000.0
Inpatient,9972,1,1,8000.0,8000.0,8000.0
Inpatient,5302,1,1,8000.0,8000.0,8000.0
Inpatient,0395,2,2,8000.0,4000.0,4000.0
Inpatient,0809,1,1,8000.0,8000.0,8000.0
Inpatient,7697,1,1,8000.0,8000.0,8000.0
Inpatient,8319,1,1,8000.0,8000.0,8000.0
Inpatient,0301,1,1,8000.0,8000.0,8000.0
Inpatient,9352,1,1,8000.0,8000.0,8000.0
Inpatient,6902,2,2,8000.0,4000.0,4000.0
Inpatient,2731,1,1,8000.0,8000.0,8000.0
Inpatient,1711,2,2,8000.0,4000.0,4000.0
Inpatient,2260,1,1,8000.0,8000.0,8000.0
Inpatient,4503,2,2,8000.0,4000.0,4000.0
Inpatient,1732,1,1,8000.0,8000.0,8000.0
Inpatient,5995,1,1,7000.0,7000.0,7000.0
Inpatient,1212,1,1,7000.0,7000.0,7000.0
Inpatient,7033,2,2,7000.0,3500.0,3500.0
Inpatient,7091,1,1,7000.0,7000.0,7000.0
Inpatient,9365,1,1,7000.0,7000.0,7000.0
Inpatient,8484,1,1,7000.0,7000.0,7000.0
Inpatient,7676,1,1,7000.0,7000.0,7000.0
Inpatient,5592,2,2,7000.0,3500.0,3500.0
Inpatient,7842,1,1,7000.0,7000.0,7000.0
Inpatient,8071,1,1,7000.0,7000.0,7000.0
Inpatient,8074,1,1,7000.0,7000.0,7000.0
Inpatient,6823,1,1,7000.0,7000.0,7000.0
Inpatient,8084,1,1,7000.0,7000.0,7000.0
Inpatient,9979,1,1,7000.0,7000.0,7000.0
Inpatient,3173,1,1,7000.0,7000.0,7000.0
Inpatient,8950,2,2,7000.0,3500.0,3500.0
Inpatient,8221,1,1,7000.0,7000.0,7000.0
Inpatient,7854,1,1,7000.0,7000.0,7000.0
Inpatient,7639,1,1,7000.0,7000.0,7000.0
Inpatient,7851,1,1,7000.0,7000.0,7000.0
Inpatient,4541,1,1,7000.0,7000.0,7000.0
Inpatient,5314,2,2,7000.0,3500.0,3500.0
Inpatient,4444,2,2,7000.0,3500.0,3500.0
Inpatient,9408,1,1,7000.0,7000.0,7000.0
Inpatient,2092,1,1,7000.0,7000.0,7000.0
Inpatient,7952,1,1,7000.0,7000.0,7000.0
Inpatient,5315,2,2,7000.0,3500.0,3500.0
Inpatient,7279,3,3,7000.0,2333.33,2000.0
Inpatient,9655,1,1,7000.0,7000.0,7000.0
Inpatient,3959,3,3,6000.0,2000.0,0.0
Inpatient,9031,1,1,6000.0,6000.0,6000.0
Inpatient,6959,1,1,6000.0,6000.0,6000.0
Inpatient,6652,1,1,6000.0,6000.0,6000.0
Inpatient,0033,1,1,6000.0,6000.0,6000.0
Inpatient,9936,1,1,6000.0,6000.0,6000.0
Inpatient,8867,1,1,6000.0,6000.0,6000.0
Inpatient,7664,1,1,6000.0,6000.0,6000.0
Inpatient,7803,1,1,6000.0,6000.0,6000.0
Inpatient,146,1,1,6000.0,6000.0,6000.0
Inpatient,561,1,1,6000.0,6000.0,6000.0
Inpatient,4832,1,1,6000.0,6000.0,6000.0
Inpatient,0102,1,1,6000.0,6000.0,6000.0
Inpatient,1287,1,1,6000.0,6000.0,6000.0
Inpatient,7111,1,1,6000.0,6000.0,6000.0
Inpatient,2939,1,1,6000.0,6000.0,6000.0
Inpatient,9909,1,1,6000.0,6000.0,6000.0
Inpatient,4643,1,1,6000.0,6000.0,6000.0
Inpatient,1689,1,1,6000.0,6000.0,6000.0
Inpatient,4299,1,1,6000.0,6000.0,6000.0
Inpatient,715,1,1,6000.0,6000.0,6000.0
Inpatient,6581,1,1,6000.0,6000.0,6000.0
Inpatient,7972,1,1,6000.0,6000.0,6000.0
Inpatient,6011,1,1,6000.0,6000.0,6000.0
Inpatient,8036,1,1,6000.0,6000.0,6000.0
Inpatient,8362,1,1,6000.0,6000.0,6000.0
Inpatient,7723,1,1,5000.0,5000.0,5000.0
Inpatient,613,2,2,5000.0,2500.0,2500.0
Inpatient,4224,1,1,5000.0,5000.0,5000.0
Inpatient,8589,1,1,5000.0,5000.0,5000.0
Inpatient,7777,1,1,5000.0,5000.0,5000.0
Inpatient,2122,1,1,5000.0,5000.0,5000.0
Inpatient,9319,1,1,5000.0,5000.0,5000.0
Inpatient,8532,2,2,5000.0,2500.0,2500.0
Inpatient,1441,1,1,5000.0,5000.0,5000.0
Inpatient,1411,1,1,5000.0,5000.0,5000.0
Inpatient,8175,1,1,5000.0,5000.0,5000.0
Inpatient,740,1,1,5000.0,5000.0,5000.0
Inpatient,4323,1,1,5000.0,5000.0,5000.0
Inpatient,016,2,2,5000.0,2500.0,2500.0
Inpatient,8372,1,1,5000.0,5000.0,5000.0
Inpatient,9803,1,1,5000.0,5000.0,5000.0
Inpatient,5112,1,1,5000.0,5000.0,5000.0
Inpatient,5791,1,1,5000.0,5000.0,5000.0
Inpatient,9732,1,1,5000.0,5000.0,5000.0
Inpatient,6829,1,1,5000.0,5000.0,5000.0
Inpatient,5343,1,1,5000.0,5000.0,5000.0
Inpatient,8172,1,1,5000.0,5000.0,5000.0
Inpatient,5422,1,1,5000.0,5000.0,5000.0
Inpatient,4052,1,1,5000.0,5000.0,5000.0
Inpatient,8451,1,1,5000.0,5000.0,5000.0
Inpatient,8128,1,1,5000.0,5000.0,5000.0
Inpatient,9619,1,1,5000.0,5000.0,5000.0
Inpatient,8762,1,1,5000.0,5000.0,5000.0
Inpatient,7534,1,1,5000.0,5000.0,5000.0
Inpatient,0407,1,1,5000.0,5000.0,5000.0
Inpatient,8042,1,1,5000.0,5000.0,5000.0
Inpatient,8365,1,1,5000.0,5000.0,5000.0
Inpatient,4921,1,1,5000.0,5000.0,5000.0
Inpatient,9504,1,1,5000.0,5000.0,5000.0
Inpatient,595,1,1,5000.0,5000.0,5000.0
Inpatient,8906,1,1,5000.0,5000.0,5000.0
Inpatient,8822,1,1,5000.0,5000.0,5000.0
Inpatient,9201,1,1,4000.0,4000.0,4000.0
Inpatient,0612,1,1,4000.0,4000.0,4000.0
Inpatient,2621,1,1,4000.0,4000.0,4000.0
Inpatient,9203,1,1,4000.0,4000.0,4000.0
Inpatient,2431,1,1,4000.0,4000.0,4000.0
Inpatient,9351,1,1,4000.0,4000.0,4000.0
Inpatient,8149,1,1,4000.0,4000.0,4000.0
Inpatient,9316,2,2,4000.0,2000.0,2000.0
Inpatient,8211,1,1,4000.0,4000.0,4000.0
Inpatient,7976,1,1,4000.0,4000.0,4000.0
Inpatient,2792,1,1,4000.0,4000.0,4000.0
Inpatient,4931,1,1,4000.0,4000.0,4000.0
Inpatient,8826,1,1,4000.0,4000.0,4000.0
Inpatient,3997,1,1,4000.0,4000.0,4000.0
Inpatient,9657,1,1,4000.0,4000.0,4000.0
Inpatient,6491,1,1,4000.0,4000.0,4000.0
Inpatient,8879,1,1,4000.0,4000.0,4000.0
Inpatient,6662,1,1,4000.0,4000.0,4000.0
Inpatient,0296,1,1,4000.0,4000.0,4000.0
Inpatient,7907,1,1,4000.0,4000.0,4000.0
Inpatient,7968,1,1,4000.0,4000.0,4000.0
Inpatient,8204,1,1,4000.0,4000.0,4000.0
Inpatient,9957,1,1,4000.0,4000.0,4000.0
Inpatient,5831,1,1,4000.0,4000.0,4000.0
Inpatient,9978,2,2,4000.0,2000.0,2000.0
Inpatient,0059,1,1,4000.0,4000.0,4000.0
Inpatient,9824,1,1,4000.0,4000.0,4000.0
Inpatient,8041,1,1,4000.0,4000.0,4000.0
Inpatient,8702,1,1,4000.0,4000.0,4000.0
Inpatient,7858,1,1,4000.0,4000.0,4000.0
Inpatient,7904,1,1,3000.0,3000.0,3000.0
Inpatient,4949,1,1,3000.0,3000.0,3000.0
Inpatient,9636,1,1,3000.0,3000.0,3000.0
Inpatient,2186,1,1,3000.0,3000.0,3000.0
Inpatient,4512,1,1,3000.0,3000.0,3000.0
Inpatient,9805,1,1,3000.0,3000.0,3000.0
Inpatient,9782,1,1,3000.0,3000.0,3000.0
Inpatient,400,1,1,3000.0,3000.0,3000.0
Inpatient,9752,1,1,3000.0,3000.0,3000.0
Inpatient,4419,1,1,3000.0,3000.0,3000.0
Inpatient,8829,1,1,3000.0,3000.0,3000.0
Inpatient,9437,1,1,3000.0,3000.0,3000.0
Inpatient,9992,1,1,3000.0,3000.0,3000.0
Inpatient,9219,1,1,3000.0,3000.0,3000.0
Inpatient,4973,2,2,3000.0,1500.0,1500.0
Inpatient,2912,1,1,2000.0,2000.0,2000.0
Inpatient,9788,1,1,2000.0,2000.0,2000.0
Inpatient,6492,1,1,2000.0,2000.0,2000.0
Inpatient,9412,2,2,1700.0,850.0,850.0
Inpatient,2502,1,1,1000.0,1000.0,1000.0
Inpatient,0852,1,1,400.0,400.0,400.0
Inpatient,0045,1,1,0.0,0.0,0.0
Inpatient,0851,1,1,0.0,0.0,0.0
Inpatient,713,1,1,0.0,0.0,0.0
Inpatient,8851,1,1,0.0,0.0,0.0
Inpatient,5298,1,1,0.0,0.0,0.0
Inpatient,7819,1,1,0.0,0.0,0.0
Inpatient,0040,1,1,0.0,0.0,0.0
Inpatient,4239,1,1,0.0,0.0,0.0
Inpatient,4252,1,1,0.0,0.0,0.0
Inpatient,5899,1,1,0.0,0.0,0.0
Inpatient,7707,1,1,0.0,0.0,0.0
Inpatient,4496,1,1,0.0,0.0,0.0
Inpatient,6599,1,1,0.0,0.0,0.0
