provider_id,claim_count,total_payment,avg_payment_per_claim,avg_los,payment_per_utilization_day,benchmark_payment_per_claim,benchmark_payment_per_day,payment_per_claim_vs_benchmark_pct,payment_per_day_vs_benchmark_pct,intensity_category
4508MT,71,711000.0,10014.08,3.82,2623.62,9570.84,1656.08,4.63,58.42,High Intensity
0400DH,52,573000.0,11019.23,4.37,2524.23,9570.84,1656.08,15.13,52.42,High Intensity
27006D,60,538400.0,8973.33,3.73,2403.57,9570.84,1656.08,-6.24,45.14,High Intensity
1500KD,57,816000.0,14315.79,6.09,2351.59,9570.84,1656.08,49.58,42.0,High Intensity
2200TM,100,1095900.0,10959.0,4.67,2346.68,9570.84,1656.08,14.5,41.7,High Intensity
4500YG,103,1132400.0,10994.17,4.75,2315.75,9570.84,1656.08,14.87,39.83,High Intensity
1600MG,71,678000.0,9549.3,4.2,2275.17,9570.84,1656.08,-0.23,37.38,High Intensity
0504BP,74,778000.0,10513.51,4.62,2274.85,9570.84,1656.08,9.85,37.36,High Intensity
1001WM,131,1398040.0,10672.06,4.74,2269.55,9570.84,1656.08,11.51,37.04,High Intensity
33038A,73,885600.0,12131.51,5.36,2264.96,9570.84,1656.08,26.75,36.77,High Intensity
3100JN,315,3567600.0,11325.71,5.17,2192.75,9570.84,1656.08,18.34,32.41,High Intensity
45086P,72,741100.0,10293.06,4.72,2179.71,9570.84,1656.08,7.55,31.62,High Intensity
3400BT,99,917000.0,9262.63,4.26,2172.99,9570.84,1656.08,-3.22,31.21,High Intensity
0300GU,136,1554100.0,11427.21,5.3,2170.53,9570.84,1656.08,19.4,31.06,High Intensity
31006K,73,848600.0,11624.66,5.38,2159.29,9570.84,1656.08,21.46,30.39,High Intensity
4901NS,54,563000.0,10425.93,4.92,2157.09,9570.84,1656.08,8.93,30.25,High Intensity
67006C,58,683000.0,11775.86,5.57,2114.55,9570.84,1656.08,23.04,27.68,High Intensity
1400DQ,70,652830.0,9326.14,4.43,2105.9,9570.84,1656.08,-2.56,27.16,High Intensity
1830CD,55,493500.0,8972.73,4.27,2100.0,9570.84,1656.08,-6.25,26.81,High Intensity
3303YT,97,1048500.0,10809.28,5.15,2097.0,9570.84,1656.08,12.94,26.62,High Intensity
11S1PS,65,549300.0,8450.77,4.03,2096.56,9570.84,1656.08,-11.7,26.6,High Intensity
3302VG,210,2444600.0,11640.95,5.61,2085.84,9570.84,1656.08,21.63,25.95,High Intensity
5000GJ,63,649000.0,10301.59,4.95,2080.13,9570.84,1656.08,7.64,25.61,High Intensity
3302DC,60,530000.0,8833.33,4.25,2078.43,9570.84,1656.08,-7.71,25.5,High Intensity
0300QJ,77,764600.0,9929.87,4.86,2072.09,9570.84,1656.08,3.75,25.12,High Intensity
3800BU,116,1192400.0,10279.31,4.97,2070.14,9570.84,1656.08,7.4,25.0,Above Benchmark
2200QQ,63,657000.0,10428.57,5.05,2066.04,9570.84,1656.08,8.96,24.75,Above Benchmark
1002QH,63,599000.0,9507.94,4.62,2058.42,9570.84,1656.08,-0.66,24.29,Above Benchmark
1402QV,77,665700.0,8645.45,4.23,2042.02,9570.84,1656.08,-9.67,23.3,Above Benchmark
3100GR,56,727000.0,12982.14,6.38,2036.41,9570.84,1656.08,35.64,22.97,Above Benchmark
2200YC,67,629000.0,9388.06,4.61,2035.6,9570.84,1656.08,-1.91,22.92,Above Benchmark
4200NV,101,1072100.0,10614.85,5.22,2034.35,9570.84,1656.08,10.91,22.84,Above Benchmark
0600RM,76,809000.0,10644.74,5.32,2027.57,9570.84,1656.08,11.22,22.43,Above Benchmark
2200MT,86,978800.0,11381.4,5.63,2022.31,9570.84,1656.08,18.92,22.11,Above Benchmark
4900CD,113,1144000.0,10123.89,5.02,2017.64,9570.84,1656.08,5.78,21.83,Above Benchmark
2300AH,83,803400.0,9679.52,4.89,2003.49,9570.84,1656.08,1.14,20.98,Above Benchmark
3300JQ,156,1625700.0,10421.15,5.21,1999.63,9570.84,1656.08,8.88,20.74,Above Benchmark
3800ZR,156,1488000.0,9538.46,4.82,1991.97,9570.84,1656.08,-0.34,20.28,Above Benchmark
3902DM,82,908400.0,11078.05,5.59,1983.41,9570.84,1656.08,15.75,19.77,Above Benchmark
52006Q,53,513000.0,9679.25,4.89,1980.69,9570.84,1656.08,1.13,19.6,Above Benchmark
1002QQ,81,850080.0,10494.81,5.31,1976.93,9570.84,1656.08,9.65,19.37,Above Benchmark
0501MA,359,3718000.0,10356.55,5.25,1971.37,9570.84,1656.08,8.21,19.04,Above Benchmark
1100KJ,95,926500.0,9752.63,5.01,1967.09,9570.84,1656.08,1.9,18.78,Above Benchmark
3302ND,123,1339100.0,10886.99,5.59,1963.49,9570.84,1656.08,13.75,18.56,Above Benchmark
3302UU,77,847000.0,11000.0,5.7,1956.12,9570.84,1656.08,14.93,18.12,Above Benchmark
0506GC,87,775300.0,8911.49,4.57,1947.99,9570.84,1656.08,-6.89,17.63,Above Benchmark
3400DH,80,754900.0,9436.25,4.85,1945.62,9570.84,1656.08,-1.41,17.48,Above Benchmark
0900UA,109,1100000.0,10091.74,5.2,1940.04,9570.84,1656.08,5.44,17.15,Above Benchmark
3301QJ,90,779800.0,8664.44,4.47,1939.8,9570.84,1656.08,-9.47,17.13,Above Benchmark
1002JJ,50,499700.0,9994.0,5.16,1936.82,9570.84,1656.08,4.42,16.95,Above Benchmark
06018D,153,1425760.0,9318.69,4.82,1934.55,9570.84,1656.08,-2.63,16.81,Above Benchmark
0600PR,79,955000.0,12088.61,6.25,1933.2,9570.84,1656.08,26.31,16.73,Above Benchmark
5000KV,107,1032100.0,9645.79,5.0,1929.16,9570.84,1656.08,0.78,16.49,Above Benchmark
39T2HB,88,949000.0,10784.09,5.59,1928.86,9570.84,1656.08,12.68,16.47,Above Benchmark
4400WA,101,1121000.0,11099.01,5.76,1926.12,9570.84,1656.08,15.97,16.31,Above Benchmark
1800SA,152,1521400.0,10009.21,5.2,1925.82,9570.84,1656.08,4.58,16.29,Above Benchmark
1000AQ,135,1236000.0,9155.56,4.76,1922.24,9570.84,1656.08,-4.34,16.07,Above Benchmark
4401TT,76,764200.0,10055.26,5.24,1920.1,9570.84,1656.08,5.06,15.94,Above Benchmark
0505YJ,142,1402300.0,9875.35,5.18,1905.3,9570.84,1656.08,3.18,15.05,Above Benchmark
3700AC,136,1318300.0,9693.38,5.09,1905.06,9570.84,1656.08,1.28,15.03,Above Benchmark
1000YM,55,592000.0,10763.64,5.65,1903.54,9570.84,1656.08,12.46,14.94,Above Benchmark
1100WV,55,519600.0,9447.27,4.96,1903.3,9570.84,1656.08,-1.29,14.93,Above Benchmark
2801NN,64,726000.0,11343.75,5.97,1900.52,9570.84,1656.08,18.52,14.76,Above Benchmark
3301QB,287,2823200.0,9836.93,5.2,1897.31,9570.84,1656.08,2.78,14.57,Above Benchmark
4505QV,61,575000.0,9426.23,4.98,1891.45,9570.84,1656.08,-1.51,14.21,Above Benchmark
4500PK,149,1367000.0,9174.5,4.87,1885.52,9570.84,1656.08,-4.14,13.85,Above Benchmark
2400QS,72,689000.0,9569.44,5.08,1882.51,9570.84,1656.08,-0.01,13.67,Above Benchmark
4500NJ,254,2694340.0,10607.64,5.67,1878.9,9570.84,1656.08,10.83,13.45,Above Benchmark
10016R,113,1138000.0,10070.8,5.36,1877.89,9570.84,1656.08,5.22,13.39,Above Benchmark
0101AV,53,456000.0,8603.77,4.58,1876.54,9570.84,1656.08,-10.1,13.31,Above Benchmark
4502NS,145,1620600.0,11176.55,5.97,1873.53,9570.84,1656.08,16.78,13.13,Above Benchmark
1100CJ,76,832600.0,10955.26,5.87,1866.82,9570.84,1656.08,14.47,12.73,Above Benchmark
3100VC,261,2516000.0,9639.85,5.19,1863.7,9570.84,1656.08,0.72,12.54,Above Benchmark
3902XB,213,1978800.0,9290.14,4.99,1863.28,9570.84,1656.08,-2.93,12.51,Above Benchmark
1100TC,303,2943000.0,9712.87,5.22,1861.48,9570.84,1656.08,1.48,12.4,Above Benchmark
5200GV,70,701000.0,10014.29,5.4,1854.5,9570.84,1656.08,4.63,11.98,Above Benchmark
2300KS,159,1439800.0,9055.35,4.89,1853.02,9570.84,1656.08,-5.39,11.89,Above Benchmark
0504VD,92,996600.0,10832.61,5.85,1852.42,9570.84,1656.08,13.18,11.86,Above Benchmark
3400XN,396,3841000.0,9699.49,5.25,1851.08,9570.84,1656.08,1.34,11.78,Above Benchmark
5000PS,129,1218690.0,9447.21,5.11,1849.3,9570.84,1656.08,-1.29,11.67,Above Benchmark
39018P,62,709200.0,11438.71,6.19,1846.88,9570.84,1656.08,19.52,11.52,Above Benchmark
5200WS,72,790000.0,10972.22,5.94,1845.79,9570.84,1656.08,14.64,11.46,Above Benchmark
4300HR,96,923000.0,9614.58,5.22,1842.32,9570.84,1656.08,0.46,11.25,Above Benchmark
33008G,86,851000.0,9895.35,5.37,1841.99,9570.84,1656.08,3.39,11.23,Above Benchmark
1001ZQ,254,2447700.0,9636.61,5.24,1840.38,9570.84,1656.08,0.69,11.13,Above Benchmark
2100WC,400,4046000.0,10115.0,5.52,1835.75,9570.84,1656.08,5.69,10.85,Above Benchmark
41006B,93,841000.0,9043.01,4.94,1832.24,9570.84,1656.08,-5.51,10.64,Above Benchmark
10S0NQ,52,657000.0,12634.62,6.9,1830.08,9570.84,1656.08,32.01,10.51,Above Benchmark
15016R,50,494100.0,9882.0,5.4,1830.0,9570.84,1656.08,3.25,10.5,Above Benchmark
0502VR,177,1618300.0,9142.94,5.03,1828.59,9570.84,1656.08,-4.47,10.42,Above Benchmark
3302WQ,92,808000.0,8782.61,4.8,1828.05,9570.84,1656.08,-8.24,10.38,Above Benchmark
1900ZP,121,1159200.0,9580.17,5.26,1822.64,9570.84,1656.08,0.1,10.06,Above Benchmark
1000DC,53,503000.0,9490.57,5.21,1822.46,9570.84,1656.08,-0.84,10.05,Above Benchmark
3000QM,55,539000.0,9800.0,5.38,1820.95,9570.84,1656.08,2.39,9.96,Near Benchmark
3302MC,77,681000.0,8844.16,4.86,1820.86,9570.84,1656.08,-7.59,9.95,Near Benchmark
0506TS,55,650000.0,11818.18,6.49,1820.73,9570.84,1656.08,23.48,9.94,Near Benchmark
1900JS,62,697000.0,11241.94,6.18,1819.84,9570.84,1656.08,17.46,9.89,Near Benchmark
5001PC,126,1226000.0,9730.16,5.36,1816.3,9570.84,1656.08,1.66,9.67,Near Benchmark
01006V,80,727000.0,9087.5,5.01,1812.97,9570.84,1656.08,-5.05,9.47,Near Benchmark
1900AJ,138,1328300.0,9625.36,5.31,1812.14,9570.84,1656.08,0.57,9.42,Near Benchmark
0500VS,160,1459010.0,9118.81,5.04,1810.19,9570.84,1656.08,-4.72,9.31,Near Benchmark
4300HB,66,680400.0,10309.09,5.7,1809.57,9570.84,1656.08,7.71,9.27,Near Benchmark
0501BG,98,859000.0,8765.31,4.85,1808.42,9570.84,1656.08,-8.42,9.2,Near Benchmark
2100RT,96,933000.0,9718.75,5.38,1808.14,9570.84,1656.08,1.55,9.18,Near Benchmark
1002DM,53,459000.0,8660.38,4.79,1807.09,9570.84,1656.08,-9.51,9.12,Near Benchmark
2600ZT,422,3919890.0,9288.84,5.16,1805.57,9570.84,1656.08,-2.95,9.03,Near Benchmark
1000VV,132,1285800.0,9740.91,5.4,1803.37,9570.84,1656.08,1.78,8.89,Near Benchmark
2000HG,231,2012800.0,8713.42,4.86,1801.97,9570.84,1656.08,-8.96,8.81,Near Benchmark
1501ZA,217,2044800.0,9423.04,5.23,1801.59,9570.84,1656.08,-1.54,8.79,Near Benchmark
45006J,56,533000.0,9517.86,5.29,1800.68,9570.84,1656.08,-0.55,8.73,Near Benchmark
3100XU,130,1283700.0,9874.62,5.48,1800.42,9570.84,1656.08,3.17,8.72,Near Benchmark
4900GQ,92,888800.0,9660.87,5.39,1791.94,9570.84,1656.08,0.94,8.2,Near Benchmark
4500DP,337,3315800.0,9839.17,5.51,1791.36,9570.84,1656.08,2.8,8.17,Near Benchmark
4506UA,150,1581400.0,10542.67,5.89,1790.94,9570.84,1656.08,10.15,8.14,Near Benchmark
1601NC,67,605100.0,9031.34,5.04,1790.24,9570.84,1656.08,-5.64,8.1,Near Benchmark
4401DM,233,2201020.0,9446.44,5.28,1789.45,9570.84,1656.08,-1.3,8.05,Near Benchmark
10016B,138,1254400.0,9089.86,5.08,1789.44,9570.84,1656.08,-5.03,8.05,Near Benchmark
5200GH,133,1139700.0,8569.17,4.79,1789.17,9570.84,1656.08,-10.47,8.04,Near Benchmark
1501UR,76,656400.0,8636.84,4.83,1788.56,9570.84,1656.08,-9.76,8.0,Near Benchmark
1000NG,64,618500.0,9664.06,5.41,1787.57,9570.84,1656.08,0.97,7.94,Near Benchmark
0600CD,50,504000.0,10080.0,5.64,1787.23,9570.84,1656.08,5.32,7.92,Near Benchmark
4200QS,88,1001000.0,11375.0,6.38,1784.31,9570.84,1656.08,18.85,7.74,Near Benchmark
1800WP,184,2026600.0,11014.13,6.17,1783.98,9570.84,1656.08,15.08,7.72,Near Benchmark
4200SD,95,855800.0,9008.42,5.05,1782.92,9570.84,1656.08,-5.88,7.66,Near Benchmark
2301XS,83,637000.0,7674.7,4.31,1779.33,9570.84,1656.08,-19.81,7.44,Near Benchmark
3600TD,116,1273970.0,10982.5,6.18,1776.81,9570.84,1656.08,14.75,7.29,Near Benchmark
2201RB,63,719000.0,11412.7,6.43,1775.31,9570.84,1656.08,19.24,7.2,Near Benchmark
3600NG,537,5645000.0,10512.1,5.94,1774.04,9570.84,1656.08,9.83,7.12,Near Benchmark
0800NT,132,1228000.0,9303.03,5.25,1772.01,9570.84,1656.08,-2.8,7.0,Near Benchmark
3602GC,81,811300.0,10016.05,5.65,1771.4,9570.84,1656.08,4.65,6.96,Near Benchmark
4900GV,167,1418300.0,8492.81,4.83,1770.66,9570.84,1656.08,-11.26,6.92,Near Benchmark
1402CR,161,1420000.0,8819.88,5.0,1763.98,9570.84,1656.08,-7.85,6.52,Near Benchmark
3900GK,105,990500.0,9433.33,5.4,1762.46,9570.84,1656.08,-1.44,6.42,Near Benchmark
2500QH,56,511000.0,9125.0,5.29,1756.01,9570.84,1656.08,-4.66,6.03,Near Benchmark
0506MK,64,607000.0,9484.38,5.49,1754.34,9570.84,1656.08,-0.9,5.93,Near Benchmark
1300ZH,115,1264000.0,10991.3,6.27,1753.12,9570.84,1656.08,14.84,5.86,Near Benchmark
1000GU,62,559000.0,9016.13,5.15,1752.35,9570.84,1656.08,-5.8,5.81,Near Benchmark
2801QQ,62,727000.0,11725.81,6.69,1751.81,9570.84,1656.08,22.52,5.78,Near Benchmark
1000AV,233,2489000.0,10682.4,6.1,1751.58,9570.84,1656.08,11.61,5.77,Near Benchmark
1000ZT,74,740700.0,10009.46,5.72,1751.06,9570.84,1656.08,4.58,5.74,Near Benchmark
2100CN,68,646000.0,9500.0,5.43,1750.68,9570.84,1656.08,-0.74,5.71,Near Benchmark
1500QB,240,2347100.0,9779.58,5.59,1748.96,9570.84,1656.08,2.18,5.61,Near Benchmark
0100KT,97,820000.0,8453.61,4.84,1748.4,9570.84,1656.08,-11.67,5.57,Near Benchmark
3400SP,222,1927800.0,8683.78,4.97,1747.78,9570.84,1656.08,-9.27,5.54,Near Benchmark
1800TK,167,1634000.0,9784.43,5.6,1747.59,9570.84,1656.08,2.23,5.53,Near Benchmark
2200MM,171,1687600.0,9869.01,5.65,1745.19,9570.84,1656.08,3.12,5.38,Near Benchmark
1000AH,634,6116900.0,9648.11,5.54,1743.2,9570.84,1656.08,0.81,5.26,Near Benchmark
2302ZH,153,1383930.0,9045.29,5.2,1740.79,9570.84,1656.08,-5.49,5.12,Near Benchmark
36006P,54,485600.0,8992.59,5.17,1740.5,9570.84,1656.08,-6.04,5.1,Near Benchmark
0300QR,116,1039000.0,8956.9,5.15,1740.37,9570.84,1656.08,-6.41,5.09,Near Benchmark
2800KS,55,581000.0,10563.64,6.07,1739.52,9570.84,1656.08,10.37,5.04,Near Benchmark
0101MC,118,1084000.0,9186.44,5.33,1737.18,9570.84,1656.08,-4.02,4.9,Near Benchmark
1500QK,80,789000.0,9862.5,5.69,1734.07,9570.84,1656.08,3.05,4.71,Near Benchmark
1100UD,51,463000.0,9078.43,5.24,1734.08,9570.84,1656.08,-5.14,4.71,Near Benchmark
1500ZV,57,570000.0,10000.0,5.77,1732.52,9570.84,1656.08,4.48,4.62,Near Benchmark
3900MB,82,771700.0,9410.98,5.44,1730.27,9570.84,1656.08,-1.67,4.48,Near Benchmark
3100PS,148,1375000.0,9290.54,5.41,1729.56,9570.84,1656.08,-2.93,4.44,Near Benchmark
2600GD,110,1012000.0,9200.0,5.33,1726.96,9570.84,1656.08,-3.87,4.28,Near Benchmark
4900NA,225,2194800.0,9754.67,5.67,1720.06,9570.84,1656.08,1.92,3.86,Near Benchmark
2200VV,52,483200.0,9292.31,5.4,1719.57,9570.84,1656.08,-2.91,3.83,Near Benchmark
1100SK,230,2131700.0,9268.26,5.39,1719.11,9570.84,1656.08,-3.16,3.81,Near Benchmark
3400RD,101,948600.0,9392.08,5.48,1715.37,9570.84,1656.08,-1.87,3.58,Near Benchmark
3700ZA,80,660000.0,8250.0,4.81,1714.29,9570.84,1656.08,-13.8,3.51,Near Benchmark
3400ZQ,199,1841570.0,9254.12,5.43,1713.09,9570.84,1656.08,-3.31,3.44,Near Benchmark
14016U,105,979100.0,9324.76,5.45,1711.71,9570.84,1656.08,-2.57,3.36,Near Benchmark
1001NA,192,1972200.0,10271.88,6.02,1707.53,9570.84,1656.08,7.32,3.11,Near Benchmark
0503HQ,63,582000.0,9238.1,5.41,1706.74,9570.84,1656.08,-3.48,3.06,Near Benchmark
45026C,82,718600.0,8763.41,5.15,1702.84,9570.84,1656.08,-8.44,2.82,Near Benchmark
1002DC,325,3255400.0,10016.62,5.93,1699.06,9570.84,1656.08,4.66,2.6,Near Benchmark
0507AB,177,1725000.0,9745.76,5.74,1697.83,9570.84,1656.08,1.83,2.52,Near Benchmark
4901RP,60,541400.0,9023.33,5.32,1697.18,9570.84,1656.08,-5.72,2.48,Near Benchmark
3300VG,89,763000.0,8573.03,5.06,1695.56,9570.84,1656.08,-10.43,2.38,Near Benchmark
3301MU,63,638000.0,10126.98,5.98,1692.31,9570.84,1656.08,5.81,2.19,Near Benchmark
4900ZV,84,788400.0,9385.71,5.55,1691.85,9570.84,1656.08,-1.93,2.16,Near Benchmark
0300CC,172,1710200.0,9943.02,5.88,1691.59,9570.84,1656.08,3.89,2.14,Near Benchmark
0503NV,135,1256500.0,9307.41,5.51,1688.84,9570.84,1656.08,-2.75,1.98,Near Benchmark
0400AC,299,2999000.0,10030.1,5.94,1688.63,9570.84,1656.08,4.8,1.97,Near Benchmark
3301KT,153,1606000.0,10496.73,6.22,1686.97,9570.84,1656.08,9.67,1.87,Near Benchmark
0300DD,209,1972200.0,9436.36,5.6,1685.64,9570.84,1656.08,-1.41,1.79,Near Benchmark
3901ZS,76,699000.0,9197.37,5.46,1684.34,9570.84,1656.08,-3.9,1.71,Near Benchmark
1900KT,51,512000.0,10039.22,6.08,1684.21,9570.84,1656.08,4.89,1.7,Near Benchmark
5200YU,80,685000.0,8562.5,5.09,1683.05,9570.84,1656.08,-10.54,1.63,Near Benchmark
2900UB,77,801100.0,10403.9,6.18,1682.98,9570.84,1656.08,8.7,1.62,Near Benchmark
10S0MP,122,1236000.0,10131.15,6.03,1679.35,9570.84,1656.08,5.85,1.41,Near Benchmark
5001VM,57,503500.0,8833.33,5.26,1678.33,9570.84,1656.08,-7.71,1.34,Near Benchmark
1002ZT,206,1934000.0,9388.35,5.6,1677.36,9570.84,1656.08,-1.91,1.29,Near Benchmark
5200AB,55,543000.0,9872.73,5.89,1675.93,9570.84,1656.08,3.15,1.2,Near Benchmark
3100VM,213,2066400.0,9701.41,5.79,1674.55,9570.84,1656.08,1.36,1.12,Near Benchmark
2600PG,141,1376400.0,9761.7,5.83,1674.45,9570.84,1656.08,1.99,1.11,Near Benchmark
10026U,196,1767300.0,9016.84,5.39,1673.58,9570.84,1656.08,-5.79,1.06,Near Benchmark
5201NR,62,554000.0,8935.48,5.35,1668.67,9570.84,1656.08,-6.64,0.76,Near Benchmark
3901PD,133,1148700.0,8636.84,5.19,1664.78,9570.84,1656.08,-9.76,0.53,Near Benchmark
0505KQ,249,2212600.0,8885.94,5.34,1663.61,9570.84,1656.08,-7.16,0.45,Near Benchmark
3400WD,51,417000.0,8176.47,4.92,1661.35,9570.84,1656.08,-14.57,0.32,Near Benchmark
05018N,217,1815500.0,8366.36,5.04,1661.02,9570.84,1656.08,-12.58,0.3,Near Benchmark
3601WR,127,1090800.0,8588.98,5.18,1657.75,9570.84,1656.08,-10.26,0.1,Near Benchmark
3100ZR,81,729000.0,9000.0,5.43,1656.82,9570.84,1656.08,-5.96,0.04,Near Benchmark
2100BM,124,1215700.0,9804.03,5.92,1656.27,9570.84,1656.08,2.44,0.01,Near Benchmark
1600GH,179,1678750.0,9378.49,5.66,1655.57,9570.84,1656.08,-2.01,-0.03,Near Benchmark
3302QQ,74,665100.0,8987.84,5.43,1654.48,9570.84,1656.08,-6.09,-0.1,Near Benchmark
3200ZG,115,1032100.0,8974.78,5.43,1654.01,9570.84,1656.08,-6.23,-0.13,Near Benchmark
1002YC,155,1556300.0,10040.65,6.08,1650.37,9570.84,1656.08,4.91,-0.34,Near Benchmark
3401MN,268,2711300.0,10116.79,6.14,1648.21,9570.84,1656.08,5.7,-0.48,Near Benchmark
4400XJ,121,1172320.0,9688.6,5.88,1646.52,9570.84,1656.08,1.23,-0.58,Near Benchmark
2100NQ,206,1874000.0,9097.09,5.53,1645.3,9570.84,1656.08,-4.95,-0.65,Near Benchmark
0503SD,296,2859200.0,9659.46,5.9,1638.51,9570.84,1656.08,0.93,-1.06,Near Benchmark
10S0QS,66,613800.0,9300.0,5.68,1636.8,9570.84,1656.08,-2.83,-1.16,Near Benchmark
4507VS,73,610000.0,8356.16,5.11,1635.39,9570.84,1656.08,-12.69,-1.25,Near Benchmark
3301WK,76,751000.0,9881.58,6.05,1632.61,9570.84,1656.08,3.25,-1.42,Near Benchmark
5000VM,50,519000.0,10380.0,6.36,1632.08,9570.84,1656.08,8.45,-1.45,Near Benchmark
2200GD,168,1459000.0,8684.52,5.32,1631.99,9570.84,1656.08,-9.26,-1.45,Near Benchmark
2800BJ,56,489300.0,8737.5,5.36,1631.0,9570.84,1656.08,-8.71,-1.51,Near Benchmark
3400KP,55,566000.0,10290.91,6.31,1631.12,9570.84,1656.08,7.52,-1.51,Near Benchmark
1400RU,219,2190900.0,10004.11,6.14,1630.13,9570.84,1656.08,4.53,-1.57,Near Benchmark
2400VB,56,515000.0,9196.43,5.64,1629.75,9570.84,1656.08,-3.91,-1.59,Near Benchmark
23006G,772,7280500.0,9430.7,5.8,1626.2,9570.84,1656.08,-1.46,-1.8,Near Benchmark
2600BQ,76,709900.0,9340.79,5.75,1624.49,9570.84,1656.08,-2.4,-1.91,Near Benchmark
2600QH,162,1489200.0,9192.59,5.66,1623.99,9570.84,1656.08,-3.95,-1.94,Near Benchmark
1401RR,431,3859280.0,8954.25,5.52,1622.23,9570.84,1656.08,-6.44,-2.04,Near Benchmark
2302XD,81,713500.0,8808.64,5.43,1621.59,9570.84,1656.08,-7.96,-2.08,Near Benchmark
2601MU,96,891000.0,9281.25,5.73,1620.0,9570.84,1656.08,-3.03,-2.18,Near Benchmark
4401VH,74,567000.0,7662.16,4.73,1620.0,9570.84,1656.08,-19.94,-2.18,Near Benchmark
1500NH,66,659000.0,9984.85,6.17,1619.16,9570.84,1656.08,4.33,-2.23,Near Benchmark
3130BK,66,647000.0,9803.03,6.06,1617.5,9570.84,1656.08,2.43,-2.33,Near Benchmark
45T8NA,78,692000.0,8871.79,5.5,1613.05,9570.84,1656.08,-7.3,-2.6,Near Benchmark
4506CN,53,458000.0,8641.51,5.36,1612.68,9570.84,1656.08,-9.71,-2.62,Near Benchmark
2402QR,72,582000.0,8083.33,5.01,1612.19,9570.84,1656.08,-15.54,-2.65,Near Benchmark
5130XG,136,1451000.0,10669.12,6.63,1608.65,9570.84,1656.08,11.48,-2.86,Near Benchmark
3600VH,76,794400.0,10452.63,6.51,1604.85,9570.84,1656.08,9.21,-3.09,Near Benchmark
01S1YV,99,942000.0,9515.15,5.93,1604.77,9570.84,1656.08,-0.58,-3.1,Near Benchmark
5201TA,171,1580200.0,9240.94,5.77,1602.64,9570.84,1656.08,-3.45,-3.23,Near Benchmark
5201CG,63,563000.0,8936.51,5.59,1599.43,9570.84,1656.08,-6.63,-3.42,Near Benchmark
2100ZH,206,1842900.0,8946.12,5.6,1596.97,9570.84,1656.08,-6.53,-3.57,Near Benchmark
0502KN,144,1386190.0,9626.32,6.03,1596.99,9570.84,1656.08,0.58,-3.57,Near Benchmark
1700JJ,297,2726600.0,9180.47,5.75,1596.37,9570.84,1656.08,-4.08,-3.61,Near Benchmark
14018H,173,1576900.0,9115.03,5.74,1596.05,9570.84,1656.08,-4.76,-3.62,Near Benchmark
4900CN,137,1438900.0,10502.92,6.58,1595.23,9570.84,1656.08,9.74,-3.67,Near Benchmark
0504YJ,123,1202200.0,9773.98,6.13,1594.43,9570.84,1656.08,2.12,-3.72,Near Benchmark
3600VA,50,668000.0,13360.0,8.38,1594.27,9570.84,1656.08,39.59,-3.73,Near Benchmark
3900NM,151,1406180.0,9312.45,5.85,1592.5,9570.84,1656.08,-2.7,-3.84,Near Benchmark
3930MD,71,655200.0,9228.17,5.82,1586.44,9570.84,1656.08,-3.58,-4.2,Near Benchmark
4200ZV,104,1072000.0,10307.69,6.5,1585.8,9570.84,1656.08,7.7,-4.24,Near Benchmark
15008B,235,2149000.0,9144.68,5.83,1575.51,9570.84,1656.08,-4.45,-4.86,Near Benchmark
4400VV,54,420500.0,7787.04,4.94,1574.91,9570.84,1656.08,-18.64,-4.9,Near Benchmark
1002CR,56,576000.0,10285.71,6.54,1573.77,9570.84,1656.08,7.47,-4.97,Near Benchmark
3700JD,154,1257000.0,8162.34,5.19,1573.22,9570.84,1656.08,-14.72,-5.0,Near Benchmark
2200JJ,70,682000.0,9742.86,6.2,1571.43,9570.84,1656.08,1.8,-5.11,Near Benchmark
0600GH,158,1575600.0,9972.15,6.35,1569.32,9570.84,1656.08,4.19,-5.24,Near Benchmark
2930AT,55,466000.0,8472.73,5.42,1563.76,9570.84,1656.08,-11.47,-5.57,Near Benchmark
4400MM,301,3036850.0,10089.2,6.48,1561.36,9570.84,1656.08,5.42,-5.72,Near Benchmark
4500BM,103,856000.0,8310.68,5.33,1559.2,9570.84,1656.08,-13.17,-5.85,Near Benchmark
2500PG,61,551600.0,9042.62,5.8,1558.19,9570.84,1656.08,-5.52,-5.91,Near Benchmark
2301UP,110,1095000.0,9954.55,6.39,1557.61,9570.84,1656.08,4.01,-5.95,Near Benchmark
2201YM,284,2675400.0,9420.42,6.05,1557.28,9570.84,1656.08,-1.57,-5.97,Near Benchmark
4200VR,83,676900.0,8155.42,5.24,1556.09,9570.84,1656.08,-14.79,-6.04,Near Benchmark
4503JQ,91,875000.0,9615.38,6.21,1548.67,9570.84,1656.08,0.47,-6.49,Near Benchmark
1101AT,57,620100.0,10878.95,7.16,1546.38,9570.84,1656.08,13.67,-6.62,Near Benchmark
3800HC,58,569000.0,9810.34,6.34,1546.2,9570.84,1656.08,2.5,-6.64,Near Benchmark
3600TU,158,1503700.0,9517.09,6.21,1542.26,9570.84,1656.08,-0.56,-6.87,Near Benchmark
2501QH,180,1691500.0,9397.22,6.1,1540.53,9570.84,1656.08,-1.81,-6.98,Near Benchmark
1401RJ,55,501000.0,9109.09,5.93,1536.81,9570.84,1656.08,-4.82,-7.2,Near Benchmark
2601ST,54,610000.0,11296.3,7.35,1536.52,9570.84,1656.08,18.03,-7.22,Near Benchmark
0501RV,136,1235500.0,9084.56,5.93,1530.98,9570.84,1656.08,-5.08,-7.55,Near Benchmark
0700JR,233,2093700.0,8985.84,5.92,1523.8,9570.84,1656.08,-6.11,-7.99,Near Benchmark
1000UU,119,1100000.0,9243.7,6.11,1513.07,9570.84,1656.08,-3.42,-8.64,Near Benchmark
1500XT,81,585000.0,7222.22,4.79,1507.73,9570.84,1656.08,-24.54,-8.96,Near Benchmark
5200MP,60,425020.0,7083.67,4.7,1507.16,9570.84,1656.08,-25.99,-8.99,Near Benchmark
3901KR,151,1465000.0,9701.99,6.44,1505.65,9570.84,1656.08,1.37,-9.08,Near Benchmark
2100YG,83,595900.0,7179.52,4.77,1504.8,9570.84,1656.08,-24.99,-9.13,Near Benchmark
1401YS,127,1156710.0,9107.95,6.06,1502.22,9570.84,1656.08,-4.84,-9.29,Near Benchmark
3600CS,171,1560800.0,9127.49,6.08,1500.77,9570.84,1656.08,-4.63,-9.38,Near Benchmark
2400KN,65,708000.0,10892.31,7.26,1500.0,9570.84,1656.08,13.81,-9.42,Near Benchmark
1900PA,178,1377100.0,7736.52,5.16,1500.11,9570.84,1656.08,-19.17,-9.42,Near Benchmark
1730JK,62,519000.0,8370.97,5.58,1500.0,9570.84,1656.08,-12.54,-9.42,Near Benchmark
1102VS,85,776900.0,9140.0,6.09,1499.81,9570.84,1656.08,-4.5,-9.44,Near Benchmark
2500XJ,76,721200.0,9489.47,6.45,1490.08,9570.84,1656.08,-0.85,-10.02,Below Benchmark
0501GK,64,620400.0,9693.75,6.52,1487.77,9570.84,1656.08,1.28,-10.16,Below Benchmark
1002AV,60,629800.0,10496.67,7.07,1485.38,9570.84,1656.08,9.67,-10.31,Below Benchmark
0700QA,184,1699850.0,9238.32,6.23,1482.0,9570.84,1656.08,-3.47,-10.51,Below Benchmark
3304NA,89,760500.0,8544.94,5.78,1479.57,9570.84,1656.08,-10.72,-10.66,Below Benchmark
25S1YD,54,442200.0,8188.89,5.56,1474.0,9570.84,1656.08,-14.44,-10.99,Below Benchmark
33026U,118,1061000.0,8991.53,6.1,1473.61,9570.84,1656.08,-6.05,-11.02,Below Benchmark
3302BQ,215,1851800.0,8613.02,5.87,1468.52,9570.84,1656.08,-10.01,-11.33,Below Benchmark
36008A,180,1652800.0,9182.22,6.29,1460.07,9570.84,1656.08,-4.06,-11.84,Below Benchmark
0504ZK,53,569000.0,10735.85,7.36,1458.97,9570.84,1656.08,12.17,-11.9,Below Benchmark
4900PJ,55,493000.0,8963.64,6.26,1458.58,9570.84,1656.08,-6.34,-11.93,Below Benchmark
49008K,52,422400.0,8123.08,5.6,1451.55,9570.84,1656.08,-15.13,-12.35,Below Benchmark
3301BB,171,1564280.0,9147.84,6.32,1447.07,9570.84,1656.08,-4.42,-12.62,Below Benchmark
44S1DD,73,643000.0,8808.22,6.1,1444.94,9570.84,1656.08,-7.97,-12.75,Below Benchmark
2200PP,61,658000.0,10786.89,7.49,1439.82,9570.84,1656.08,12.71,-13.06,Below Benchmark
14026N,86,696400.0,8097.67,5.69,1424.13,9570.84,1656.08,-15.39,-14.01,Below Benchmark
4507BT,112,986000.0,8803.57,6.2,1420.75,9570.84,1656.08,-8.02,-14.21,Below Benchmark
4500WC,132,1093000.0,8280.3,5.85,1415.8,9570.84,1656.08,-13.48,-14.51,Below Benchmark
3300CA,56,479100.0,8555.36,6.05,1413.27,9570.84,1656.08,-10.61,-14.66,Below Benchmark
1002SK,57,589000.0,10333.33,7.4,1395.73,9570.84,1656.08,7.97,-15.72,Below Benchmark
2200JA,110,943000.0,8572.73,6.24,1386.76,9570.84,1656.08,-10.43,-16.26,Below Benchmark
1200YJ,53,471000.0,8886.79,6.42,1385.29,9570.84,1656.08,-7.15,-16.35,Below Benchmark
1030RD,50,501000.0,10020.0,7.24,1383.98,9570.84,1656.08,4.69,-16.43,Below Benchmark
3101AB,103,991000.0,9621.36,6.98,1378.3,9570.84,1656.08,0.53,-16.77,Below Benchmark
1800AD,151,1386000.0,9178.81,6.66,1377.73,9570.84,1656.08,-4.1,-16.81,Below Benchmark
2500AG,50,422000.0,8440.0,6.14,1374.59,9570.84,1656.08,-11.82,-17.0,Below Benchmark
2400JM,53,417600.0,7879.25,5.81,1355.84,9570.84,1656.08,-17.67,-18.13,Below Benchmark
1701AJ,70,548800.0,7840.0,5.83,1345.1,9570.84,1656.08,-18.08,-18.78,Below Benchmark
3300KR,76,649000.0,8539.47,6.38,1338.14,9570.84,1656.08,-10.78,-19.2,Below Benchmark
2100YP,69,585900.0,8491.3,6.35,1337.67,9570.84,1656.08,-11.28,-19.23,Below Benchmark
2900JU,61,520400.0,8531.15,6.41,1330.95,9570.84,1656.08,-10.86,-19.63,Below Benchmark
4600QS,59,473000.0,8016.95,6.05,1324.93,9570.84,1656.08,-16.24,-20.0,Below Benchmark
44006N,54,500000.0,9259.26,7.19,1288.66,9570.84,1656.08,-3.26,-22.19,Below Benchmark
3900HM,74,620000.0,8378.38,6.51,1286.31,9570.84,1656.08,-12.46,-22.33,Below Benchmark
10S0SU,85,619000.0,7282.35,5.67,1284.23,9570.84,1656.08,-23.91,-22.45,Below Benchmark
3900UC,76,689000.0,9065.79,7.08,1280.67,9570.84,1656.08,-5.28,-22.67,Below Benchmark
1002AH,65,570000.0,8769.23,6.94,1263.86,9570.84,1656.08,-8.38,-23.68,Below Benchmark
3900KJ,70,486000.0,6942.86,5.53,1255.81,9570.84,1656.08,-27.46,-24.17,Below Benchmark
4500AS,69,587000.0,8507.25,6.8,1251.6,9570.84,1656.08,-11.11,-24.42,Below Benchmark
1901AC,59,501000.0,8491.53,6.81,1246.27,9570.84,1656.08,-11.28,-24.75,Below Benchmark
4200CT,61,547000.0,8967.21,7.21,1243.18,9570.84,1656.08,-6.31,-24.93,Below Benchmark
4400TC,51,378000.0,7411.76,6.18,1200.0,9570.84,1656.08,-22.56,-27.54,Below Benchmark
0700SS,62,502000.0,8096.77,6.89,1175.64,9570.84,1656.08,-15.4,-29.01,Below Benchmark
03008J,55,383000.0,6963.64,6.15,1133.14,9570.84,1656.08,-27.24,-31.58,Below Benchmark
