beneficiary_id,claim_count,inpatient_claims,outpatient_claims,total_payment,average_payment_per_claim
E2D39E24FCF427D5,52,9.0,43.0,244180.0,4695.77
CD57573A5B77AAFE,60,14.0,46.0,243890.0,4064.83
AEF310232161AC91,48,9.0,39.0,216480.0,4510.0
3A9D94388C426924,34,12.0,22.0,214020.0,6294.71
F8F72B475A3381DC,54,8.0,46.0,212890.0,3942.41
11B3642EFC2521EB,42,8.0,34.0,210420.0,5010.0
7E00D9D78DAA008D,30,9.0,21.0,199280.0,6642.67
8FBF91DCA969CB07,47,5.0,42.0,198880.0,4231.49
FC02104A9F15D57C,37,13.0,24.0,194930.0,5268.38
893882C572AC525E,48,6.0,42.0,193850.0,4038.54
AEE2353E80207F0C,13,9.0,4.0,190250.0,14634.62
1473375E6B89C4EB,47,9.0,38.0,185910.0,3955.53
AD84F2D37546CEDD,49,4.0,45.0,185700.0,3789.8
1426B87573531324,54,11.0,43.0,182430.0,3378.33
F5ECA269E1EAEB95,46,5.0,41.0,180210.0,3917.61
F6DF7899B8185D23,44,5.0,39.0,178840.0,4064.55
3A45A6144B5041E9,54,6.0,48.0,178790.0,3310.93
EEB894BCE06D5BAD,29,7.0,22.0,178510.0,6155.52
C39620CB17CA952B,50,8.0,42.0,177500.0,3550.0
AAF90A580D7C5362,55,9.0,46.0,177360.0,3224.73
EB047F0E1A8238C2,56,7.0,49.0,177100.0,3162.5
8F43AE15B6CD7F39,43,7.0,36.0,176490.0,4104.42
D08B7FA60E6489E1,26,9.0,17.0,176490.0,6788.08
D7279B2238D4AF28,49,12.0,37.0,175440.0,3580.41
9B88283529118E82,34,10.0,24.0,175400.0,5158.82
