claim_type,payment_rank,primary_diagnosis,claim_count,unique_beneficiaries,total_payment,average_payment_per_claim,median_payment_per_claim,ranking_type,volume_rank
Inpatient,1.0,V5789,1807,1744,28421550.0,15728.58,15000.0,Payment,
Inpatient,2.0,0389,1648,1603,24408390.0,14810.92,11000.0,Payment,
Inpatient,3.0,41401,1675,1634,23847800.0,14237.49,11000.0,Payment,
Inpatient,4.0,486,2453,2368,17101860.0,6971.81,6000.0,Payment,
Inpatient,5.0,41071,1170,1135,14809630.0,12657.8,10000.0,Payment,
Inpatient,6.0,51881,817,799,14232900.0,17420.93,12000.0,Payment,
Inpatient,7.0,71536,1154,1132,13133020.0,11380.43,11000.0,Payment,
Inpatient,8.0,4280,1419,1381,11069900.0,7801.2,6000.0,Payment,
Inpatient,9.0,49121,1558,1490,9999100.0,6417.91,5000.0,Payment,
Inpatient,10.0,5070,705,694,8624900.0,12233.9,10000.0,Payment,
Outpatient,1.0,OTHER,5675,3127,7748400.0,1365.36,1500.0,Payment,
Outpatient,2.0,V562,1479,1026,2215270.0,1497.82,1800.0,Payment,
Outpatient,3.0,V560,1475,1025,2144310.0,1453.77,1800.0,Payment,
Outpatient,4.0,7925,1464,1028,2125980.0,1452.17,1700.0,Payment,
Outpatient,5.0,V5631,1448,1008,2122630.0,1465.9,1800.0,Payment,
Outpatient,6.0,5855,1453,1041,2117530.0,1457.35,1700.0,Payment,
Outpatient,7.0,V568,1436,1025,2113200.0,1471.59,1700.0,Payment,
Outpatient,8.0,5856,1453,1039,2106320.0,1449.64,1700.0,Payment,
Outpatient,9.0,5859,1426,1006,2101030.0,1473.37,1800.0,Payment,
Outpatient,10.0,V4511,1402,992,2094310.0,1493.8,1800.0,Payment,
Inpatient,,486,2453,2368,17101860.0,6971.81,6000.0,Volume,1.0
Inpatient,,V5789,1807,1744,28421550.0,15728.58,15000.0,Volume,2.0
Inpatient,,41401,1675,1634,23847800.0,14237.49,11000.0,Volume,3.0
Inpatient,,0389,1648,1603,24408390.0,14810.92,11000.0,Volume,4.0
Inpatient,,49121,1558,1490,9999100.0,6417.91,5000.0,Volume,5.0
Inpatient,,4280,1419,1381,11069900.0,7801.2,6000.0,Volume,6.0
Inpatient,,5990,1374,1345,7543360.0,5490.07,5000.0,Volume,7.0
Inpatient,,42731,1253,1227,7781500.0,6210.3,4000.0,Volume,8.0
Inpatient,,41071,1170,1135,14809630.0,12657.8,10000.0,Volume,9.0
Inpatient,,71536,1154,1132,13133020.0,11380.43,11000.0,Volume,10.0
Outpatient,,4019,19079,15683,1560900.0,81.81,60.0,Volume,1.0
Outpatient,,4011,18816,15537,1539550.0,81.82,60.0,Volume,2.0
Outpatient,,OTHER,5675,3127,7748400.0,1365.36,1500.0,Volume,3.0
Outpatient,,2721,4677,4431,289700.0,61.94,50.0,Volume,4.0
Outpatient,,2723,4627,4426,290470.0,62.78,50.0,Volume,5.0
Outpatient,,2722,4602,4381,293000.0,63.67,50.0,Volume,6.0
Outpatient,,2720,4568,4341,293170.0,64.18,50.0,Volume,7.0
Outpatient,,2724,4560,4360,280190.0,61.45,50.0,Volume,8.0
Outpatient,,78659,3367,3234,1894790.0,562.75,400.0,Volume,9.0
Outpatient,,78651,3244,3129,1801420.0,555.31,400.0,Volume,10.0
