claim_month,claim_count,total_payment,average_payment_per_claim,median_payment_per_claim,payment_per_claim
2007-11-01,2,65000.0,32500.0,32500.0,32500.0
2007-12-01,534,2970120.0,5562.02,2150.0,5562.02
2008-01-01,11791,17318630.0,1468.8,90.0,1468.8
2008-02-01,17187,20382330.0,1185.92,80.0,1185.92
2008-03-01,23352,26172380.0,1120.78,80.0,1120.78
2008-04-01,25479,27633010.0,1084.54,80.0,1084.54
2008-05-01,27505,30676160.0,1115.29,80.0,1115.29
2008-06-01,27516,29475680.0,1071.22,80.0,1071.22
2008-07-01,28884,29649550.0,1026.5,80.0,1026.5
2008-08-01,29789,30816580.0,1034.5,80.0,1034.5
2008-09-01,28873,29107010.0,1008.1,80.0,1008.1
2008-10-01,29987,30742150.0,1025.18,80.0,1025.18
2008-11-01,29443,28949920.0,983.25,80.0,983.25
2008-12-01,30768,29950670.0,973.44,80.0,973.44
2009-01-01,30963,29603290.0,956.09,80.0,956.09
2009-02-01,27985,26944290.0,962.81,80.0,962.81
2009-03-01,30725,29725010.0,967.45,80.0,967.45
2009-04-01,29998,28972100.0,965.8,80.0,965.8
2009-05-01,30623,29148940.0,951.86,80.0,951.86
2009-06-01,29508,27881740.0,944.89,80.0,944.89
2009-07-01,29800,27841580.0,934.28,80.0,934.28
2009-08-01,29783,28503330.0,957.03,80.0,957.03
2009-09-01,28175,27363600.0,971.2,80.0,971.2
2009-10-01,28021,26781690.0,955.77,80.0,955.77
2009-11-01,26225,24896890.0,949.36,80.0,949.36
2009-12-01,25783,25120140.0,974.29,80.0,974.29
2010-01-01,24379,24032830.0,985.8,80.0,985.8
2010-02-01,20799,19823560.0,953.1,80.0,953.1
2010-03-01,21712,21509610.0,990.68,80.0,990.68
2010-04-01,19497,20002280.0,1025.92,80.0,1025.92
2010-05-01,18637,18928030.0,1015.62,80.0,1015.62
2010-06-01,16410,16619800.0,1012.78,80.0,1012.78
2010-07-01,15393,15159300.0,984.82,80.0,984.82
2010-08-01,13511,13950080.0,1032.5,80.0,1032.5
2010-09-01,11644,11659790.0,1001.36,90.0,1001.36
2010-10-01,10087,8458450.0,838.55,80.0,838.55
2010-11-01,8405,6394700.0,760.82,80.0,760.82
2010-12-01,7069,4044610.0,572.16,80.0,572.16
